================================================================================
SKILL ICON FETCH RESULTS
================================================================================

Total icons in gallery: 1234
Matched icons: 0
Unused icons: 1234

================================================================================
MATCHED ICONS (0 total)
================================================================================
These icons from the gallery matched skill names:


================================================================================
UNUSED ICONS (1234 total)
================================================================================
These icons were on the gallery page but didn't match any skills:

  ✗ "Brace Yourself!"
    https://wiki.guildwars.com/images/4/47/%22Brace_Yourself%21%22_%28large%29.jpg
  ✗ "Can't Touch This!"
    https://wiki.guildwars.com/images/6/6a/%22Can%27t_Touch_This%21%22_%28large%29.jpg
  ✗ "Charge!"
    https://wiki.guildwars.com/images/3/3c/%22Charge%21%22_%28large%29.jpg
  ✗ "Coward!"
    https://wiki.guildwars.com/images/9/92/%22Coward%21%22_%28large%29.jpg
  ✗ "Fall Back!"
    https://wiki.guildwars.com/images/9/9f/%22Fall_Back%21%22_%28large%29.jpg
  ✗ "Find Their Weakness!"
    https://wiki.guildwars.com/images/e/e7/%22Find_Their_Weakness%21%22_%28large%29.jpg
  ✗ "For Great Justice!"
    https://wiki.guildwars.com/images/b/bc/%22For_Great_Justice%21%22_%28large%29.jpg
  ✗ "Go for the Eyes!"
    https://wiki.guildwars.com/images/c/c4/%22Go_for_the_Eyes%21%22_%28large%29.jpg
  ✗ "Help Me!"
    https://wiki.guildwars.com/images/8/8b/%22Help_Me%21%22_%28large%29.jpg
  ✗ "I Meant to Do That!"
    https://wiki.guildwars.com/images/b/bc/%22I_Meant_to_Do_That%21%22_%28large%29.jpg
  ✗ "Incoming!"
    https://wiki.guildwars.com/images/5/50/%22Incoming%21%22_%28large%29.jpg
  ✗ "It's just a flesh wound."
    https://wiki.guildwars.com/images/f/f3/%22It%27s_just_a_flesh_wound.%22_%28large%29.jpg
  ✗ "Lead the Way!"
    https://wiki.guildwars.com/images/4/4c/%22Lead_the_Way%21%22_%28large%29.jpg
  ✗ "Make Haste!"
    https://wiki.guildwars.com/images/9/91/%22Make_Haste%21%22_%28large%29.jpg
  ✗ "Make Your Time!"
    https://wiki.guildwars.com/images/4/41/%22Make_Your_Time%21%22_%28large%29.jpg
  ✗ "Never Give Up!"
    https://wiki.guildwars.com/images/0/02/%22Never_Give_Up%21%22_%28large%29.jpg
  ✗ "Never Surrender!"
    https://wiki.guildwars.com/images/1/1d/%22Never_Surrender%21%22_%28large%29.jpg
  ✗ "None Shall Pass!"
    https://wiki.guildwars.com/images/3/3c/%22None_Shall_Pass%21%22_%28large%29.jpg
  ✗ "On Your Knees!"
    https://wiki.guildwars.com/images/c/c9/%22On_Your_Knees%21%22_%28large%29.jpg
  ✗ "Retreat!"
    https://wiki.guildwars.com/images/6/69/%22Retreat%21%22_%28large%29.jpg
  ✗ "Shields Up!"
    https://wiki.guildwars.com/images/1/11/%22Shields_Up%21%22_%28large%29.jpg
  ✗ "Stand Your Ground!"
    https://wiki.guildwars.com/images/b/b5/%22Stand_Your_Ground%21%22_%28large%29.jpg
  ✗ "The Power Is Yours!"
    https://wiki.guildwars.com/images/c/c5/%22The_Power_Is_Yours%21%22_%28large%29.jpg
  ✗ "They're on Fire!"
    https://wiki.guildwars.com/images/8/81/%22They%27re_on_Fire%21%22_%28large%29.jpg
  ✗ "Watch Yourself!"
    https://wiki.guildwars.com/images/3/31/%22Watch_Yourself%21%22_%28large%29.jpg
  ✗ "We Shall Return!"
    https://wiki.guildwars.com/images/a/a1/%22We_Shall_Return%21%22_%28large%29.jpg
  ✗ "You Will Die!"
    https://wiki.guildwars.com/images/a/a2/%22You_Will_Die%21%22_%28large%29.jpg
  ✗ "You're All Alone!"
    https://wiki.guildwars.com/images/a/ad/%22You%27re_All_Alone%21%22_%28large%29.jpg
  ✗ Accumulated Pain
    https://wiki.guildwars.com/images/7/72/Accumulated_Pain_%28large%29.jpg
  ✗ Aegis
    https://wiki.guildwars.com/images/9/93/Aegis_%28large%29.jpg
  ✗ Aftershock
    https://wiki.guildwars.com/images/c/ca/Aftershock_%28large%29.jpg
  ✗ Aggressive Refrain
    https://wiki.guildwars.com/images/a/a7/Aggressive_Refrain_%28large%29.jpg
  ✗ Agonizing Chop
    https://wiki.guildwars.com/images/3/3e/Agonizing_Chop_%28large%29.jpg
  ✗ Agony
    https://wiki.guildwars.com/images/4/43/Agony_%28large%29.jpg
  ✗ Air Attunement
    https://wiki.guildwars.com/images/c/cc/Air_Attunement_%28large%29.jpg
  ✗ Air of Disenchantment
    https://wiki.guildwars.com/images/4/4f/Air_of_Disenchantment_%28large%29.jpg
  ✗ Air of Enchantment
    https://wiki.guildwars.com/images/b/bf/Air_of_Enchantment_%28large%29.jpg
  ✗ Amity
    https://wiki.guildwars.com/images/9/98/Amity_%28large%29.jpg
  ✗ Ancestor's Visage
    https://wiki.guildwars.com/images/6/63/Ancestor%27s_Visage_%28large%29.jpg
  ✗ Ancestors' Rage
    https://wiki.guildwars.com/images/4/4e/Ancestors%27_Rage_%28large%29.jpg
  ✗ Aneurysm
    https://wiki.guildwars.com/images/d/d7/Aneurysm_%28large%29.jpg
  ✗ Angelic Bond
    https://wiki.guildwars.com/images/b/b2/Angelic_Bond_%28large%29.jpg
  ✗ Angelic Protection
    https://wiki.guildwars.com/images/d/d6/Angelic_Protection_%28large%29.jpg
  ✗ Angorodon's Gaze
    https://wiki.guildwars.com/images/e/e1/Angorodon%27s_Gaze_%28large%29.jpg
  ✗ Anguish
    https://wiki.guildwars.com/images/4/45/Anguish_%28large%29.jpg
  ✗ Anguished Was Lingwah
    https://wiki.guildwars.com/images/4/4d/Anguished_Was_Lingwah_%28large%29.jpg
  ✗ Animate Bone Fiend
    https://wiki.guildwars.com/images/b/bd/Animate_Bone_Fiend_%28large%29.jpg
  ✗ Animate Bone Horror
    https://wiki.guildwars.com/images/a/af/Animate_Bone_Horror_%28large%29.jpg
  ✗ Animate Bone Minions
    https://wiki.guildwars.com/images/7/75/Animate_Bone_Minions_%28large%29.jpg
  ✗ Animate Flesh Golem
    https://wiki.guildwars.com/images/f/f2/Animate_Flesh_Golem_%28large%29.jpg
  ✗ Animate Shambling Horror
    https://wiki.guildwars.com/images/a/a0/Animate_Shambling_Horror_%28large%29.jpg
  ✗ Animate Vampiric Horror
    https://wiki.guildwars.com/images/3/35/Animate_Vampiric_Horror_%28large%29.jpg
  ✗ Anthem of Disruption
    https://wiki.guildwars.com/images/6/6f/Anthem_of_Disruption_%28large%29.jpg
  ✗ Anthem of Envy
    https://wiki.guildwars.com/images/4/46/Anthem_of_Envy_%28large%29.jpg
  ✗ Anthem of Flame
    https://wiki.guildwars.com/images/3/37/Anthem_of_Flame_%28large%29.jpg
  ✗ Anthem of Fury
    https://wiki.guildwars.com/images/e/e7/Anthem_of_Fury_%28large%29.jpg
  ✗ Anthem of Guidance
    https://wiki.guildwars.com/images/3/35/Anthem_of_Guidance_%28large%29.jpg
  ✗ Anthem of Weariness
    https://wiki.guildwars.com/images/b/bd/Anthem_of_Weariness_%28large%29.jpg
  ✗ Antidote Signet
    https://wiki.guildwars.com/images/4/47/Antidote_Signet_%28large%29.jpg
  ✗ Apply Poison
    https://wiki.guildwars.com/images/9/9f/Apply_Poison_%28large%29.jpg
  ✗ Arc Lightning
    https://wiki.guildwars.com/images/e/e5/Arc_Lightning_%28large%29.jpg
  ✗ Arcane Conundrum
    https://wiki.guildwars.com/images/4/42/Arcane_Conundrum_%28large%29.jpg
  ✗ Arcane Echo
    https://wiki.guildwars.com/images/7/76/Arcane_Echo_%28large%29.jpg
  ✗ Arcane Languor
    https://wiki.guildwars.com/images/c/c7/Arcane_Languor_%28large%29.jpg
  ✗ Arcane Larceny
    https://wiki.guildwars.com/images/1/18/Arcane_Larceny_%28large%29.jpg
  ✗ Arcane Mimicry
    https://wiki.guildwars.com/images/1/18/Arcane_Mimicry_%28large%29.jpg
  ✗ Arcane Thievery
    https://wiki.guildwars.com/images/7/7f/Arcane_Thievery_%28large%29.jpg
  ✗ Arcane Zeal
    https://wiki.guildwars.com/images/5/55/Arcane_Zeal_%28large%29.jpg
  ✗ Archer's Signet
    https://wiki.guildwars.com/images/f/fb/Archer%27s_Signet_%28large%29.jpg
  ✗ Arcing Shot
    https://wiki.guildwars.com/images/7/77/Arcing_Shot_%28large%29.jpg
  ✗ Aria of Restoration
    https://wiki.guildwars.com/images/2/26/Aria_of_Restoration_%28large%29.jpg
  ✗ Aria of Zeal
    https://wiki.guildwars.com/images/2/20/Aria_of_Zeal_%28large%29.jpg
  ✗ Armor of Earth
    https://wiki.guildwars.com/images/5/51/Armor_of_Earth_%28large%29.jpg
  ✗ Armor of Frost
    https://wiki.guildwars.com/images/f/f5/Armor_of_Frost_%28large%29.jpg
  ✗ Armor of Mist
    https://wiki.guildwars.com/images/c/cf/Armor_of_Mist_%28large%29.jpg
  ✗ Armor of Sanctity
    https://wiki.guildwars.com/images/7/74/Armor_of_Sanctity_%28large%29.jpg
  ✗ Armor of Unfeeling
    https://wiki.guildwars.com/images/a/a6/Armor_of_Unfeeling_%28large%29.jpg
  ✗ Ash Blast
    https://wiki.guildwars.com/images/3/33/Ash_Blast_%28large%29.jpg
  ✗ Assassin's Promise
    https://wiki.guildwars.com/images/2/29/Assassin%27s_Promise_%28large%29.jpg
  ✗ Assassin's Remedy
    https://wiki.guildwars.com/images/6/66/Assassin%27s_Remedy_%28large%29.jpg
  ✗ Assault Enchantments
    https://wiki.guildwars.com/images/b/b8/Assault_Enchantments_%28large%29.jpg
  ✗ Atrophy
    https://wiki.guildwars.com/images/6/6c/Atrophy_%28large%29.jpg
  ✗ Attacker's Insight
    https://wiki.guildwars.com/images/7/75/Attacker%27s_Insight_%28large%29.jpg
  ✗ Attuned Was Songkai
    https://wiki.guildwars.com/images/5/50/Attuned_Was_Songkai_%28large%29.jpg
  ✗ Augury of Death
    https://wiki.guildwars.com/images/3/35/Augury_of_Death_%28large%29.jpg
  ✗ Aura Slicer
    https://wiki.guildwars.com/images/d/de/Aura_Slicer_%28large%29.jpg
  ✗ Aura of Displacement
    https://wiki.guildwars.com/images/3/33/Aura_of_Displacement_%28large%29.jpg
  ✗ Aura of Faith
    https://wiki.guildwars.com/images/2/29/Aura_of_Faith_%28large%29.jpg
  ✗ Aura of Restoration
    https://wiki.guildwars.com/images/4/4e/Aura_of_Restoration_%28large%29.jpg
  ✗ Aura of Stability
    https://wiki.guildwars.com/images/5/52/Aura_of_Stability_%28large%29.jpg
  ✗ Aura of Thorns
    https://wiki.guildwars.com/images/c/c4/Aura_of_Thorns_%28large%29.jpg
  ✗ Aura of the Lich
    https://wiki.guildwars.com/images/6/67/Aura_of_the_Lich_%28large%29.jpg
  ✗ Auspicious Blow
    https://wiki.guildwars.com/images/8/84/Auspicious_Blow_%28large%29.jpg
  ✗ Auspicious Incantation
    https://wiki.guildwars.com/images/3/34/Auspicious_Incantation_%28large%29.jpg
  ✗ Auspicious Parry
    https://wiki.guildwars.com/images/6/61/Auspicious_Parry_%28large%29.jpg
  ✗ Avatar of Balthazar
    https://wiki.guildwars.com/images/a/af/Avatar_of_Balthazar_%28large%29.jpg
  ✗ Avatar of Dwayna
    https://wiki.guildwars.com/images/d/d6/Avatar_of_Dwayna_%28large%29.jpg
  ✗ Avatar of Grenth
    https://wiki.guildwars.com/images/c/cf/Avatar_of_Grenth_%28large%29.jpg
  ✗ Avatar of Lyssa
    https://wiki.guildwars.com/images/2/2a/Avatar_of_Lyssa_%28large%29.jpg
  ✗ Avatar of Melandru
    https://wiki.guildwars.com/images/a/a5/Avatar_of_Melandru_%28large%29.jpg
  ✗ Awaken the Blood
    https://wiki.guildwars.com/images/5/5e/Awaken_the_Blood_%28large%29.jpg
  ✗ Awe
    https://wiki.guildwars.com/images/5/5c/Awe_%28large%29.jpg
  ✗ Axe Rake
    https://wiki.guildwars.com/images/6/67/Axe_Rake_%28large%29.jpg
  ✗ Axe Twist
    https://wiki.guildwars.com/images/a/a9/Axe_Twist_%28large%29.jpg
  ✗ Backbreaker
    https://wiki.guildwars.com/images/3/36/Backbreaker_%28large%29.jpg
  ✗ Backfire
    https://wiki.guildwars.com/images/1/15/Backfire_%28large%29.jpg
  ✗ Balanced Stance
    https://wiki.guildwars.com/images/7/75/Balanced_Stance_%28large%29.jpg
  ✗ Ballad of Restoration
    https://wiki.guildwars.com/images/e/e5/Ballad_of_Restoration_%28large%29.jpg
  ✗ Balthazar's Aura
    https://wiki.guildwars.com/images/1/12/Balthazar%27s_Aura_%28large%29.jpg
  ✗ Balthazar's Pendulum
    https://wiki.guildwars.com/images/1/17/Balthazar%27s_Pendulum_%28large%29.jpg
  ✗ Balthazar's Rage
    https://wiki.guildwars.com/images/5/5c/Balthazar%27s_Rage_%28large%29.jpg
  ✗ Balthazar's Spirit
    https://wiki.guildwars.com/images/c/c6/Balthazar%27s_Spirit_%28large%29.jpg
  ✗ Bane Signet
    https://wiki.guildwars.com/images/9/9c/Bane_Signet_%28large%29.jpg
  ✗ Banish
    https://wiki.guildwars.com/images/4/4a/Banish_%28large%29.jpg
  ✗ Banishing Strike
    https://wiki.guildwars.com/images/1/1d/Banishing_Strike_%28large%29.jpg
  ✗ Barbarous Slice
    https://wiki.guildwars.com/images/4/47/Barbarous_Slice_%28large%29.jpg
  ✗ Barbed Arrows
    https://wiki.guildwars.com/images/9/94/Barbed_Arrows_%28large%29.jpg
  ✗ Barbed Signet
    https://wiki.guildwars.com/images/8/8c/Barbed_Signet_%28large%29.jpg
  ✗ Barbed Spear
    https://wiki.guildwars.com/images/5/50/Barbed_Spear_%28large%29.jpg
  ✗ Barbed Trap
    https://wiki.guildwars.com/images/9/92/Barbed_Trap_%28large%29.jpg
  ✗ Barbs
    https://wiki.guildwars.com/images/8/85/Barbs_%28large%29.jpg
  ✗ Barrage
    https://wiki.guildwars.com/images/1/13/Barrage_%28large%29.jpg
  ✗ Battle Rage
    https://wiki.guildwars.com/images/9/92/Battle_Rage_%28large%29.jpg
  ✗ Bed of Coals
    https://wiki.guildwars.com/images/c/c5/Bed_of_Coals_%28large%29.jpg
  ✗ Beguiling Haze
    https://wiki.guildwars.com/images/c/c5/Beguiling_Haze_%28large%29.jpg
  ✗ Belly Smash
    https://wiki.guildwars.com/images/2/2c/Belly_Smash_%28large%29.jpg
  ✗ Berserker Stance
    https://wiki.guildwars.com/images/0/0f/Berserker_Stance_%28large%29.jpg
  ✗ Bestial Fury
    https://wiki.guildwars.com/images/5/5a/Bestial_Fury_%28large%29.jpg
  ✗ Bestial Mauling
    https://wiki.guildwars.com/images/e/e5/Bestial_Mauling_%28large%29.jpg
  ✗ Bestial Pounce
    https://wiki.guildwars.com/images/b/b1/Bestial_Pounce_%28large%29.jpg
  ✗ Binding Chains
    https://wiki.guildwars.com/images/2/26/Binding_Chains_%28large%29.jpg
  ✗ Bitter Chill
    https://wiki.guildwars.com/images/b/b8/Bitter_Chill_%28large%29.jpg
  ✗ Black Lotus Strike
    https://wiki.guildwars.com/images/2/26/Black_Lotus_Strike_%28large%29.jpg
  ✗ Black Mantis Thrust
    https://wiki.guildwars.com/images/2/26/Black_Mantis_Thrust_%28large%29.jpg
  ✗ Black Spider Strike
    https://wiki.guildwars.com/images/c/c6/Black_Spider_Strike_%28large%29.jpg
  ✗ Blackout
    https://wiki.guildwars.com/images/6/6d/Blackout_%28large%29.jpg
  ✗ Blades of Steel
    https://wiki.guildwars.com/images/b/bf/Blades_of_Steel_%28large%29.jpg
  ✗ Bladeturn Refrain
    https://wiki.guildwars.com/images/3/33/Bladeturn_Refrain_%28large%29.jpg
  ✗ Blazing Finale
    https://wiki.guildwars.com/images/f/fd/Blazing_Finale_%28large%29.jpg
  ✗ Blazing Spear
    https://wiki.guildwars.com/images/5/59/Blazing_Spear_%28large%29.jpg
  ✗ Blessed Aura
    https://wiki.guildwars.com/images/9/97/Blessed_Aura_%28large%29.jpg
  ✗ Blessed Light
    https://wiki.guildwars.com/images/5/5d/Blessed_Light_%28large%29.jpg
  ✗ Blessed Signet
    https://wiki.guildwars.com/images/e/e2/Blessed_Signet_%28large%29.jpg
  ✗ Blind Was Mingson
    https://wiki.guildwars.com/images/8/8a/Blind_Was_Mingson_%28large%29.jpg
  ✗ Blinding Flash
    https://wiki.guildwars.com/images/0/07/Blinding_Flash_%28large%29.jpg
  ✗ Blinding Powder
    https://wiki.guildwars.com/images/b/ba/Blinding_Powder_%28large%29.jpg
  ✗ Blinding Surge
    https://wiki.guildwars.com/images/c/c6/Blinding_Surge_%28large%29.jpg
  ✗ Blood Bond
    https://wiki.guildwars.com/images/1/10/Blood_Bond_%28large%29.jpg
  ✗ Blood Drinker
    https://wiki.guildwars.com/images/9/99/Blood_Drinker_%28large%29.jpg
  ✗ Blood Renewal
    https://wiki.guildwars.com/images/6/64/Blood_Renewal_%28large%29.jpg
  ✗ Blood Ritual
    https://wiki.guildwars.com/images/f/fd/Blood_Ritual_%28large%29.jpg
  ✗ Blood is Power
    https://wiki.guildwars.com/images/4/4f/Blood_is_Power_%28large%29.jpg
  ✗ Blood of the Aggressor
    https://wiki.guildwars.com/images/e/e2/Blood_of_the_Aggressor_%28large%29.jpg
  ✗ Blood of the Master
    https://wiki.guildwars.com/images/b/b0/Blood_of_the_Master_%28large%29.jpg
  ✗ Bloodsong
    https://wiki.guildwars.com/images/4/4a/Bloodsong_%28large%29.jpg
  ✗ Blurred Vision
    https://wiki.guildwars.com/images/a/a6/Blurred_Vision_%28large%29.jpg
  ✗ Body Blow
    https://wiki.guildwars.com/images/e/e7/Body_Blow_%28large%29.jpg
  ✗ Body Shot
    https://wiki.guildwars.com/images/b/b8/Body_Shot_%28large%29.jpg
  ✗ Bonetti's Defense
    https://wiki.guildwars.com/images/b/b8/Bonetti%27s_Defense_%28large%29.jpg
  ✗ Boon Signet
    https://wiki.guildwars.com/images/b/b8/Boon_Signet_%28large%29.jpg
  ✗ Boon of Creation
    https://wiki.guildwars.com/images/3/37/Boon_of_Creation_%28large%29.jpg
  ✗ Brambles
    https://wiki.guildwars.com/images/d/d3/Brambles_%28large%29.jpg
  ✗ Breath of Fire
    https://wiki.guildwars.com/images/d/db/Breath_of_Fire_%28large%29.jpg
  ✗ Broad Head Arrow
    https://wiki.guildwars.com/images/3/35/Broad_Head_Arrow_%28large%29.jpg
  ✗ Brutal Strike
    https://wiki.guildwars.com/images/5/5e/Brutal_Strike_%28large%29.jpg
  ✗ Brutal Weapon
    https://wiki.guildwars.com/images/1/1f/Brutal_Weapon_%28large%29.jpg
  ✗ Bull's Charge
    https://wiki.guildwars.com/images/3/3c/Bull%27s_Charge_%28large%29.jpg
  ✗ Bull's Strike
    https://wiki.guildwars.com/images/a/ad/Bull%27s_Strike_%28large%29.jpg
  ✗ Burning Arrow
    https://wiki.guildwars.com/images/7/7e/Burning_Arrow_%28large%29.jpg
  ✗ Burning Refrain
    https://wiki.guildwars.com/images/3/31/Burning_Refrain_%28large%29.jpg
  ✗ Burning Shield
    https://wiki.guildwars.com/images/2/2e/Burning_Shield_%28large%29.jpg
  ✗ Burning Speed
    https://wiki.guildwars.com/images/0/07/Burning_Speed_%28large%29.jpg
  ✗ Burst of Aggression
    https://wiki.guildwars.com/images/1/10/Burst_of_Aggression_%28large%29.jpg
  ✗ Cacophony
    https://wiki.guildwars.com/images/f/f7/Cacophony_%28large%29.jpg
  ✗ Calculated Risk
    https://wiki.guildwars.com/images/e/ee/Calculated_Risk_%28large%29.jpg
  ✗ Call of Haste
    https://wiki.guildwars.com/images/c/c1/Call_of_Haste_%28large%29.jpg
  ✗ Call of Protection
    https://wiki.guildwars.com/images/a/af/Call_of_Protection_%28large%29.jpg
  ✗ Called Shot
    https://wiki.guildwars.com/images/7/79/Called_Shot_%28large%29.jpg
  ✗ Caltrops
    https://wiki.guildwars.com/images/b/b3/Caltrops_%28large%29.jpg
  ✗ Caretaker's Charge
    https://wiki.guildwars.com/images/7/73/Caretaker%27s_Charge_%28large%29.jpg
  ✗ Castigation Signet
    https://wiki.guildwars.com/images/8/8c/Castigation_Signet_%28large%29.jpg
  ✗ Cautery Signet
    https://wiki.guildwars.com/images/e/e9/Cautery_Signet_%28large%29.jpg
  ✗ Chain Lightning
    https://wiki.guildwars.com/images/3/3a/Chain_Lightning_%28large%29.jpg
  ✗ Channeled Strike
    https://wiki.guildwars.com/images/d/da/Channeled_Strike_%28large%29.jpg
  ✗ Channeling
    https://wiki.guildwars.com/images/b/b4/Channeling_%28large%29.jpg
  ✗ Chaos Storm
    https://wiki.guildwars.com/images/1/15/Chaos_Storm_%28large%29.jpg
  ✗ Charging Strike
    https://wiki.guildwars.com/images/c/c6/Charging_Strike_%28large%29.jpg
  ✗ Charm Animal
    https://wiki.guildwars.com/images/1/12/Charm_Animal_%28large%29.jpg
  ✗ Chest Thumper
    https://wiki.guildwars.com/images/5/58/Chest_Thumper_%28large%29.jpg
  ✗ Chilblains
    https://wiki.guildwars.com/images/7/71/Chilblains_%28large%29.jpg
  ✗ Chilling Victory
    https://wiki.guildwars.com/images/1/10/Chilling_Victory_%28large%29.jpg
  ✗ Chilling Winds
    https://wiki.guildwars.com/images/3/3e/Chilling_Winds_%28large%29.jpg
  ✗ Choking Gas
    https://wiki.guildwars.com/images/6/67/Choking_Gas_%28large%29.jpg
  ✗ Chorus of Restoration
    https://wiki.guildwars.com/images/3/32/Chorus_of_Restoration_%28large%29.jpg
  ✗ Churning Earth
    https://wiki.guildwars.com/images/f/fa/Churning_Earth_%28large%29.jpg
  ✗ Clamor of Souls
    https://wiki.guildwars.com/images/a/ae/Clamor_of_Souls_%28large%29.jpg
  ✗ Cleave
    https://wiki.guildwars.com/images/c/c5/Cleave_%28large%29.jpg
  ✗ Clumsiness
    https://wiki.guildwars.com/images/2/2f/Clumsiness_%28large%29.jpg
  ✗ Comfort Animal
    https://wiki.guildwars.com/images/6/61/Comfort_Animal_%28large%29.jpg
  ✗ Companionship
    https://wiki.guildwars.com/images/b/b7/Companionship_%28large%29.jpg
  ✗ Complicate
    https://wiki.guildwars.com/images/2/2c/Complicate_%28large%29.jpg
  ✗ Concussion Shot
    https://wiki.guildwars.com/images/3/3f/Concussion_Shot_%28large%29.jpg
  ✗ Conflagration
    https://wiki.guildwars.com/images/8/80/Conflagration_%28large%29.jpg
  ✗ Confusing Images
    https://wiki.guildwars.com/images/e/ee/Confusing_Images_%28large%29.jpg
  ✗ Conjure Flame
    https://wiki.guildwars.com/images/9/92/Conjure_Flame_%28large%29.jpg
  ✗ Conjure Frost
    https://wiki.guildwars.com/images/a/a6/Conjure_Frost_%28large%29.jpg
  ✗ Conjure Lightning
    https://wiki.guildwars.com/images/b/b1/Conjure_Lightning_%28large%29.jpg
  ✗ Conjure Nightmare
    https://wiki.guildwars.com/images/e/e9/Conjure_Nightmare_%28large%29.jpg
  ✗ Conjure Phantasm
    https://wiki.guildwars.com/images/a/ad/Conjure_Phantasm_%28large%29.jpg
  ✗ Consume Corpse
    https://wiki.guildwars.com/images/2/28/Consume_Corpse_%28large%29.jpg
  ✗ Consume Soul
    https://wiki.guildwars.com/images/f/fa/Consume_Soul_%28large%29.jpg
  ✗ Contagion
    https://wiki.guildwars.com/images/d/d4/Contagion_%28large%29.jpg
  ✗ Contemplation of Purity
    https://wiki.guildwars.com/images/2/2a/Contemplation_of_Purity_%28large%29.jpg
  ✗ Convert Hexes
    https://wiki.guildwars.com/images/0/0b/Convert_Hexes_%28large%29.jpg
  ✗ Conviction
    https://wiki.guildwars.com/images/1/12/Conviction_%28large%29.jpg
  ✗ Corrupt Enchantment
    https://wiki.guildwars.com/images/5/58/Corrupt_Enchantment_%28large%29.jpg
  ✗ Counter Blow
    https://wiki.guildwars.com/images/1/16/Counter_Blow_%28large%29.jpg
  ✗ Counterattack
    https://wiki.guildwars.com/images/3/3d/Counterattack_%28large%29.jpg
  ✗ Crippling Anguish
    https://wiki.guildwars.com/images/1/13/Crippling_Anguish_%28large%29.jpg
  ✗ Crippling Anthem
    https://wiki.guildwars.com/images/4/48/Crippling_Anthem_%28large%29.jpg
  ✗ Crippling Dagger
    https://wiki.guildwars.com/images/e/ee/Crippling_Dagger_%28large%29.jpg
  ✗ Crippling Shot
    https://wiki.guildwars.com/images/7/72/Crippling_Shot_%28large%29.jpg
  ✗ Crippling Slash
    https://wiki.guildwars.com/images/7/74/Crippling_Slash_%28large%29.jpg
  ✗ Crippling Sweep
    https://wiki.guildwars.com/images/d/d2/Crippling_Sweep_%28large%29.jpg
  ✗ Crippling Victory
    https://wiki.guildwars.com/images/9/9e/Crippling_Victory_%28large%29.jpg
  ✗ Critical Chop
    https://wiki.guildwars.com/images/f/f7/Critical_Chop_%28large%29.jpg
  ✗ Critical Defenses
    https://wiki.guildwars.com/images/0/03/Critical_Defenses_%28large%29.jpg
  ✗ Critical Eye
    https://wiki.guildwars.com/images/b/b1/Critical_Eye_%28large%29.jpg
  ✗ Critical Strike
    https://wiki.guildwars.com/images/3/38/Critical_Strike_%28large%29.jpg
  ✗ Crossfire
    https://wiki.guildwars.com/images/f/f0/Crossfire_%28large%29.jpg
  ✗ Crude Swing
    https://wiki.guildwars.com/images/4/44/Crude_Swing_%28large%29.jpg
  ✗ Cruel Spear
    https://wiki.guildwars.com/images/e/e7/Cruel_Spear_%28large%29.jpg
  ✗ Cruel Was Daoshen
    https://wiki.guildwars.com/images/0/0e/Cruel_Was_Daoshen_%28large%29.jpg
  ✗ Crushing Blow
    https://wiki.guildwars.com/images/a/ab/Crushing_Blow_%28large%29.jpg
  ✗ Cry of Frustration
    https://wiki.guildwars.com/images/a/ad/Cry_of_Frustration_%28large%29.jpg
  ✗ Crystal Wave
    https://wiki.guildwars.com/images/9/91/Crystal_Wave_%28large%29.jpg
  ✗ Cultist's Fervor
    https://wiki.guildwars.com/images/8/85/Cultist%27s_Fervor_%28large%29.jpg
  ✗ Cure Hex
    https://wiki.guildwars.com/images/b/b0/Cure_Hex_%28large%29.jpg
  ✗ Cyclone Axe
    https://wiki.guildwars.com/images/1/18/Cyclone_Axe_%28large%29.jpg
  ✗ Dancing Daggers
    https://wiki.guildwars.com/images/d/df/Dancing_Daggers_%28large%29.jpg
  ✗ Dark Apostasy
    https://wiki.guildwars.com/images/a/ac/Dark_Apostasy_%28large%29.jpg
  ✗ Dark Aura
    https://wiki.guildwars.com/images/d/d0/Dark_Aura_%28large%29.jpg
  ✗ Dark Bond
    https://wiki.guildwars.com/images/8/8d/Dark_Bond_%28large%29.jpg
  ✗ Dark Escape
    https://wiki.guildwars.com/images/1/10/Dark_Escape_%28large%29.jpg
  ✗ Dark Fury
    https://wiki.guildwars.com/images/7/7d/Dark_Fury_%28large%29.jpg
  ✗ Dark Pact
    https://wiki.guildwars.com/images/0/07/Dark_Pact_%28large%29.jpg
  ✗ Dark Prison
    https://wiki.guildwars.com/images/b/b0/Dark_Prison_%28large%29.jpg
  ✗ Dash
    https://wiki.guildwars.com/images/9/9b/Dash_%28large%29.jpg
  ✗ Deadly Haste
    https://wiki.guildwars.com/images/5/57/Deadly_Haste_%28large%29.jpg
  ✗ Deadly Paradox
    https://wiki.guildwars.com/images/a/a7/Deadly_Paradox_%28large%29.jpg
  ✗ Deadly Riposte
    https://wiki.guildwars.com/images/2/2b/Deadly_Riposte_%28large%29.jpg
  ✗ Death Blossom
    https://wiki.guildwars.com/images/a/ae/Death_Blossom_%28large%29.jpg
  ✗ Death Nova
    https://wiki.guildwars.com/images/0/05/Death_Nova_%28large%29.jpg
  ✗ Death Pact Signet
    https://wiki.guildwars.com/images/9/9f/Death_Pact_Signet_%28large%29.jpg
  ✗ Death's Charge
    https://wiki.guildwars.com/images/e/ea/Death%27s_Charge_%28large%29.jpg
  ✗ Death's Retreat
    https://wiki.guildwars.com/images/d/d6/Death%27s_Retreat_%28large%29.jpg
  ✗ Deathly Chill
    https://wiki.guildwars.com/images/7/71/Deathly_Chill_%28large%29.jpg
  ✗ Deathly Swarm
    https://wiki.guildwars.com/images/b/b8/Deathly_Swarm_%28large%29.jpg
  ✗ Debilitating Shot
    https://wiki.guildwars.com/images/9/9f/Debilitating_Shot_%28large%29.jpg
  ✗ Decapitate
    https://wiki.guildwars.com/images/e/e3/Decapitate_%28large%29.jpg
  ✗ Deep Freeze
    https://wiki.guildwars.com/images/9/9e/Deep_Freeze_%28large%29.jpg
  ✗ Defender's Zeal
    https://wiki.guildwars.com/images/b/b1/Defender%27s_Zeal_%28large%29.jpg
  ✗ Defensive Anthem
    https://wiki.guildwars.com/images/f/f9/Defensive_Anthem_%28large%29.jpg
  ✗ Defensive Stance
    https://wiki.guildwars.com/images/2/27/Defensive_Stance_%28large%29.jpg
  ✗ Defiant Was Xinrae
    https://wiki.guildwars.com/images/4/4d/Defiant_Was_Xinrae_%28large%29.jpg
  ✗ Defile Defenses
    https://wiki.guildwars.com/images/f/fb/Defile_Defenses_%28large%29.jpg
  ✗ Defile Enchantments
    https://wiki.guildwars.com/images/5/57/Defile_Enchantments_%28large%29.jpg
  ✗ Defile Flesh
    https://wiki.guildwars.com/images/1/18/Defile_Flesh_%28large%29.jpg
  ✗ Deflect Arrows
    https://wiki.guildwars.com/images/8/8d/Deflect_Arrows_%28large%29.jpg
  ✗ Defy Pain
    https://wiki.guildwars.com/images/8/89/Defy_Pain_%28large%29.jpg
  ✗ Demonic Flesh
    https://wiki.guildwars.com/images/9/98/Demonic_Flesh_%28large%29.jpg
  ✗ Deny Hexes
    https://wiki.guildwars.com/images/a/ac/Deny_Hexes_%28large%29.jpg
  ✗ Depravity
    https://wiki.guildwars.com/images/4/40/Depravity_%28large%29.jpg
  ✗ Desecrate Enchantments
    https://wiki.guildwars.com/images/3/39/Desecrate_Enchantments_%28large%29.jpg
  ✗ Desperate Strike
    https://wiki.guildwars.com/images/f/f3/Desperate_Strike_%28large%29.jpg
  ✗ Desperation Blow
    https://wiki.guildwars.com/images/1/1f/Desperation_Blow_%28large%29.jpg
  ✗ Destruction
    https://wiki.guildwars.com/images/0/07/Destruction_%28large%29.jpg
  ✗ Destructive Was Glaive
    https://wiki.guildwars.com/images/e/e9/Destructive_Was_Glaive_%28large%29.jpg
  ✗ Determined Shot
    https://wiki.guildwars.com/images/3/31/Determined_Shot_%28large%29.jpg
  ✗ Devastating Hammer
    https://wiki.guildwars.com/images/5/55/Devastating_Hammer_%28large%29.jpg
  ✗ Disarm
    https://wiki.guildwars.com/images/0/09/Disarm_%28large%29.jpg
  ✗ Discharge Enchantment
    https://wiki.guildwars.com/images/0/0e/Discharge_Enchantment_%28large%29.jpg
  ✗ Disciplined Stance
    https://wiki.guildwars.com/images/c/c9/Disciplined_Stance_%28large%29.jpg
  ✗ Discord
    https://wiki.guildwars.com/images/2/2c/Discord_%28large%29.jpg
  ✗ Disenchantment
    https://wiki.guildwars.com/images/7/79/Disenchantment_%28large%29.jpg
  ✗ Dismember
    https://wiki.guildwars.com/images/b/bd/Dismember_%28large%29.jpg
  ✗ Dismiss Condition
    https://wiki.guildwars.com/images/e/ea/Dismiss_Condition_%28large%29.jpg
  ✗ Displacement
    https://wiki.guildwars.com/images/7/7f/Displacement_%28large%29.jpg
  ✗ Disrupting Accuracy
    https://wiki.guildwars.com/images/4/4c/Disrupting_Accuracy_%28large%29.jpg
  ✗ Disrupting Chop
    https://wiki.guildwars.com/images/4/45/Disrupting_Chop_%28large%29.jpg
  ✗ Disrupting Dagger
    https://wiki.guildwars.com/images/b/b6/Disrupting_Dagger_%28large%29.jpg
  ✗ Disrupting Lunge
    https://wiki.guildwars.com/images/b/b2/Disrupting_Lunge_%28large%29.jpg
  ✗ Disrupting Shot
    https://wiki.guildwars.com/images/7/7d/Disrupting_Shot_%28large%29.jpg
  ✗ Disrupting Stab
    https://wiki.guildwars.com/images/5/5c/Disrupting_Stab_%28large%29.jpg
  ✗ Disrupting Throw
    https://wiki.guildwars.com/images/9/90/Disrupting_Throw_%28large%29.jpg
  ✗ Dissonance
    https://wiki.guildwars.com/images/9/9e/Dissonance_%28large%29.jpg
  ✗ Distortion
    https://wiki.guildwars.com/images/7/78/Distortion_%28large%29.jpg
  ✗ Distracting Blow
    https://wiki.guildwars.com/images/6/66/Distracting_Blow_%28large%29.jpg
  ✗ Distracting Shot
    https://wiki.guildwars.com/images/5/57/Distracting_Shot_%28large%29.jpg
  ✗ Distracting Strike
    https://wiki.guildwars.com/images/a/a7/Distracting_Strike_%28large%29.jpg
  ✗ Diversion
    https://wiki.guildwars.com/images/1/1e/Diversion_%28large%29.jpg
  ✗ Divert Hexes
    https://wiki.guildwars.com/images/7/74/Divert_Hexes_%28large%29.jpg
  ✗ Divine Boon
    https://wiki.guildwars.com/images/3/3c/Divine_Boon_%28large%29.jpg
  ✗ Divine Healing
    https://wiki.guildwars.com/images/0/08/Divine_Healing_%28large%29.jpg
  ✗ Divine Intervention
    https://wiki.guildwars.com/images/a/af/Divine_Intervention_%28large%29.jpg
  ✗ Divine Spirit
    https://wiki.guildwars.com/images/f/f8/Divine_Spirit_%28large%29.jpg
  ✗ Dodge
    https://wiki.guildwars.com/images/b/be/Dodge_%28large%29.jpg
  ✗ Dolyak Signet
    https://wiki.guildwars.com/images/b/b1/Dolyak_Signet_%28large%29.jpg
  ✗ Doom
    https://wiki.guildwars.com/images/0/07/Doom_%28large%29.jpg
  ✗ Double Dragon
    https://wiki.guildwars.com/images/c/c8/Double_Dragon_%28large%29.jpg
  ✗ Dragon Slash
    https://wiki.guildwars.com/images/4/49/Dragon_Slash_%28large%29.jpg
  ✗ Dragon's Stomp
    https://wiki.guildwars.com/images/e/e8/Dragon%27s_Stomp_%28large%29.jpg
  ✗ Drain Delusions
    https://wiki.guildwars.com/images/8/80/Drain_Delusions_%28large%29.jpg
  ✗ Drain Enchantment
    https://wiki.guildwars.com/images/8/80/Drain_Enchantment_%28large%29.jpg
  ✗ Draw Conditions
    https://wiki.guildwars.com/images/f/f3/Draw_Conditions_%28large%29.jpg
  ✗ Draw Spirit
    https://wiki.guildwars.com/images/2/2c/Draw_Spirit_%28large%29.jpg
  ✗ Drunken Blow
    https://wiki.guildwars.com/images/1/16/Drunken_Blow_%28large%29.jpg
  ✗ Dryder's Defenses
    https://wiki.guildwars.com/images/7/70/Dryder%27s_Defenses_%28large%29.jpg
  ✗ Dual Shot
    https://wiki.guildwars.com/images/7/7f/Dual_Shot_%28large%29.jpg
  ✗ Dulled Weapon
    https://wiki.guildwars.com/images/b/b1/Dulled_Weapon_%28large%29.jpg
  ✗ Dust Cloak
    https://wiki.guildwars.com/images/0/03/Dust_Cloak_%28large%29.jpg
  ✗ Dust Trap
    https://wiki.guildwars.com/images/0/0a/Dust_Trap_%28large%29.jpg
  ✗ Dwarven Battle Stance
    https://wiki.guildwars.com/images/6/6d/Dwarven_Battle_Stance_%28large%29.jpg
  ✗ Dwayna's Kiss
    https://wiki.guildwars.com/images/f/f8/Dwayna%27s_Kiss_%28large%29.jpg
  ✗ Dwayna's Sorrow
    https://wiki.guildwars.com/images/6/61/Dwayna%27s_Sorrow_%28large%29.jpg
  ✗ Dwayna's Touch
    https://wiki.guildwars.com/images/5/54/Dwayna%27s_Touch_%28large%29.jpg
  ✗ Earth Attunement
    https://wiki.guildwars.com/images/2/2a/Earth_Attunement_%28large%29.jpg
  ✗ Earth Shaker
    https://wiki.guildwars.com/images/b/bf/Earth_Shaker_%28large%29.jpg
  ✗ Earthbind
    https://wiki.guildwars.com/images/e/e3/Earthbind_%28large%29.jpg
  ✗ Earthen Shackles
    https://wiki.guildwars.com/images/2/2e/Earthen_Shackles_%28large%29.jpg
  ✗ Earthquake
    https://wiki.guildwars.com/images/f/f4/Earthquake_%28large%29.jpg
  ✗ Ebon Dust Aura
    https://wiki.guildwars.com/images/b/b5/Ebon_Dust_Aura_%28large%29.jpg
  ✗ Ebon Hawk
    https://wiki.guildwars.com/images/4/44/Ebon_Hawk_%28large%29.jpg
  ✗ Echo
    https://wiki.guildwars.com/images/1/12/Echo_%28large%29.jpg
  ✗ Edge of Extinction
    https://wiki.guildwars.com/images/f/f9/Edge_of_Extinction_%28large%29.jpg
  ✗ Elemental Attunement
    https://wiki.guildwars.com/images/b/b2/Elemental_Attunement_%28large%29.jpg
  ✗ Elemental Flame
    https://wiki.guildwars.com/images/7/7b/Elemental_Flame_%28large%29.jpg
  ✗ Elemental Resistance
    https://wiki.guildwars.com/images/b/b4/Elemental_Resistance_%28large%29.jpg
  ✗ Empathic Removal
    https://wiki.guildwars.com/images/d/d4/Empathic_Removal_%28large%29.jpg
  ✗ Empathy
    https://wiki.guildwars.com/images/2/21/Empathy_%28large%29.jpg
  ✗ Empowerment
    https://wiki.guildwars.com/images/d/d1/Empowerment_%28large%29.jpg
  ✗ Enchanted Haste
    https://wiki.guildwars.com/images/0/00/Enchanted_Haste_%28large%29.jpg
  ✗ Enchanter's Conundrum
    https://wiki.guildwars.com/images/d/d6/Enchanter%27s_Conundrum_%28large%29.jpg
  ✗ Endure Pain
    https://wiki.guildwars.com/images/d/d5/Endure_Pain_%28large%29.jpg
  ✗ Enduring Harmony
    https://wiki.guildwars.com/images/b/bf/Enduring_Harmony_%28large%29.jpg
  ✗ Enduring Toxin
    https://wiki.guildwars.com/images/0/03/Enduring_Toxin_%28large%29.jpg
  ✗ Energetic Was Lee Sa
    https://wiki.guildwars.com/images/d/d4/Energetic_Was_Lee_Sa_%28large%29.jpg
  ✗ Energizing Chorus
    https://wiki.guildwars.com/images/3/35/Energizing_Chorus_%28large%29.jpg
  ✗ Energizing Finale
    https://wiki.guildwars.com/images/b/bb/Energizing_Finale_%28large%29.jpg
  ✗ Energizing Wind
    https://wiki.guildwars.com/images/9/98/Energizing_Wind_%28large%29.jpg
  ✗ Energy Blast
    https://wiki.guildwars.com/images/5/52/Energy_Blast_%28large%29.jpg
  ✗ Energy Boon
    https://wiki.guildwars.com/images/d/df/Energy_Boon_%28large%29.jpg
  ✗ Energy Burn
    https://wiki.guildwars.com/images/5/54/Energy_Burn_%28large%29.jpg
  ✗ Energy Drain
    https://wiki.guildwars.com/images/c/c6/Energy_Drain_%28large%29.jpg
  ✗ Energy Surge
    https://wiki.guildwars.com/images/b/b9/Energy_Surge_%28large%29.jpg
  ✗ Energy Tap
    https://wiki.guildwars.com/images/9/98/Energy_Tap_%28large%29.jpg
  ✗ Enervating Charge
    https://wiki.guildwars.com/images/b/ba/Enervating_Charge_%28large%29.jpg
  ✗ Enfeeble
    https://wiki.guildwars.com/images/5/58/Enfeeble_%28large%29.jpg
  ✗ Enfeebling Blood
    https://wiki.guildwars.com/images/f/f9/Enfeebling_Blood_%28large%29.jpg
  ✗ Enfeebling Touch
    https://wiki.guildwars.com/images/e/ee/Enfeebling_Touch_%28large%29.jpg
  ✗ Enraged Lunge
    https://wiki.guildwars.com/images/a/ab/Enraged_Lunge_%28large%29.jpg
  ✗ Enraged Smash
    https://wiki.guildwars.com/images/6/67/Enraged_Smash_%28large%29.jpg
  ✗ Enraging Charge
    https://wiki.guildwars.com/images/8/86/Enraging_Charge_%28large%29.jpg
  ✗ Entangling Asp
    https://wiki.guildwars.com/images/3/31/Entangling_Asp_%28large%29.jpg
  ✗ Envenom Enchantments
    https://wiki.guildwars.com/images/0/04/Envenom_Enchantments_%28large%29.jpg
  ✗ Epidemic
    https://wiki.guildwars.com/images/f/fc/Epidemic_%28large%29.jpg
  ✗ Equinox
    https://wiki.guildwars.com/images/5/54/Equinox_%28large%29.jpg
  ✗ Eremite's Attack
    https://wiki.guildwars.com/images/0/0f/Eremite%27s_Attack_%28large%29.jpg
  ✗ Eremite's Zeal
    https://wiki.guildwars.com/images/f/f5/Eremite%27s_Zeal_%28large%29.jpg
  ✗ Eruption
    https://wiki.guildwars.com/images/d/dc/Eruption_%28large%29.jpg
  ✗ Escape
    https://wiki.guildwars.com/images/d/db/Escape_%28large%29.jpg
  ✗ Essence Bond
    https://wiki.guildwars.com/images/8/8b/Essence_Bond_%28large%29.jpg
  ✗ Essence Strike
    https://wiki.guildwars.com/images/d/de/Essence_Strike_%28large%29.jpg
  ✗ Ether Feast
    https://wiki.guildwars.com/images/0/01/Ether_Feast_%28large%29.jpg
  ✗ Ether Lord
    https://wiki.guildwars.com/images/f/fb/Ether_Lord_%28large%29.jpg
  ✗ Ether Phantom
    https://wiki.guildwars.com/images/c/cd/Ether_Phantom_%28large%29.jpg
  ✗ Ether Prism
    https://wiki.guildwars.com/images/e/e8/Ether_Prism_%28large%29.jpg
  ✗ Ether Prodigy
    https://wiki.guildwars.com/images/4/42/Ether_Prodigy_%28large%29.jpg
  ✗ Ether Renewal
    https://wiki.guildwars.com/images/4/40/Ether_Renewal_%28large%29.jpg
  ✗ Ether Signet
    https://wiki.guildwars.com/images/0/08/Ether_Signet_%28large%29.jpg
  ✗ Ethereal Burden
    https://wiki.guildwars.com/images/c/c9/Ethereal_Burden_%28large%29.jpg
  ✗ Ethereal Light
    https://wiki.guildwars.com/images/3/38/Ethereal_Light_%28large%29.jpg
  ✗ Eviscerate
    https://wiki.guildwars.com/images/1/18/Eviscerate_%28large%29.jpg
  ✗ Executioner's Strike
    https://wiki.guildwars.com/images/1/1a/Executioner%27s_Strike_%28large%29.jpg
  ✗ Exhausting Assault
    https://wiki.guildwars.com/images/a/a9/Exhausting_Assault_%28large%29.jpg
  ✗ Expel Hexes
    https://wiki.guildwars.com/images/1/18/Expel_Hexes_%28large%29.jpg
  ✗ Expert Focus
    https://wiki.guildwars.com/images/8/84/Expert_Focus_%28large%29.jpg
  ✗ Expert's Dexterity
    https://wiki.guildwars.com/images/1/19/Expert%27s_Dexterity_%28large%29.jpg
  ✗ Explosive Growth
    https://wiki.guildwars.com/images/e/e8/Explosive_Growth_%28large%29.jpg
  ✗ Expose Defenses
    https://wiki.guildwars.com/images/8/85/Expose_Defenses_%28large%29.jpg
  ✗ Expunge Enchantments
    https://wiki.guildwars.com/images/1/1b/Expunge_Enchantments_%28large%29.jpg
  ✗ Extend Conditions
    https://wiki.guildwars.com/images/a/a3/Extend_Conditions_%28large%29.jpg
  ✗ Extend Enchantments
    https://wiki.guildwars.com/images/1/18/Extend_Enchantments_%28large%29.jpg
  ✗ Extinguish
    https://wiki.guildwars.com/images/a/ad/Extinguish_%28large%29.jpg
  ✗ Faintheartedness
    https://wiki.guildwars.com/images/c/c5/Faintheartedness_%28large%29.jpg
  ✗ Faithful Intervention
    https://wiki.guildwars.com/images/7/74/Faithful_Intervention_%28large%29.jpg
  ✗ Falling Lotus Strike
    https://wiki.guildwars.com/images/2/26/Falling_Lotus_Strike_%28large%29.jpg
  ✗ Falling Spider
    https://wiki.guildwars.com/images/1/1b/Falling_Spider_%28large%29.jpg
  ✗ Famine
    https://wiki.guildwars.com/images/0/0b/Famine_%28large%29.jpg
  ✗ Farmer's Scythe
    https://wiki.guildwars.com/images/c/c1/Farmer%27s_Scythe_%28large%29.jpg
  ✗ Favorable Winds
    https://wiki.guildwars.com/images/f/f7/Favorable_Winds_%28large%29.jpg
  ✗ Fear Me!
    https://wiki.guildwars.com/images/9/90/Fear_Me%21_%28large%29.jpg
  ✗ Feast for the Dead
    https://wiki.guildwars.com/images/4/49/Feast_for_the_Dead_%28large%29.jpg
  ✗ Feast of Corruption
    https://wiki.guildwars.com/images/6/68/Feast_of_Corruption_%28large%29.jpg
  ✗ Feast of Souls
    https://wiki.guildwars.com/images/3/3c/Feast_of_Souls_%28large%29.jpg
  ✗ Featherfoot Grace
    https://wiki.guildwars.com/images/1/15/Featherfoot_Grace_%28large%29.jpg
  ✗ Feedback
    https://wiki.guildwars.com/images/2/2a/Feedback_%28large%29.jpg
  ✗ Feigned Neutrality
    https://wiki.guildwars.com/images/f/fc/Feigned_Neutrality_%28large%29.jpg
  ✗ Feral Aggression
    https://wiki.guildwars.com/images/7/74/Feral_Aggression_%28large%29.jpg
  ✗ Feral Lunge
    https://wiki.guildwars.com/images/f/fd/Feral_Lunge_%28large%29.jpg
  ✗ Ferocious Strike
    https://wiki.guildwars.com/images/7/74/Ferocious_Strike_%28large%29.jpg
  ✗ Fertile Season
    https://wiki.guildwars.com/images/6/68/Fertile_Season_%28large%29.jpg
  ✗ Fetid Ground
    https://wiki.guildwars.com/images/0/0c/Fetid_Ground_%28large%29.jpg
  ✗ Fevered Dreams
    https://wiki.guildwars.com/images/c/c4/Fevered_Dreams_%28large%29.jpg
  ✗ Fierce Blow
    https://wiki.guildwars.com/images/0/03/Fierce_Blow_%28large%29.jpg
  ✗ Final Thrust
    https://wiki.guildwars.com/images/9/96/Final_Thrust_%28large%29.jpg
  ✗ Finale of Restoration
    https://wiki.guildwars.com/images/0/0b/Finale_of_Restoration_%28large%29.jpg
  ✗ Fire Attunement
    https://wiki.guildwars.com/images/b/b6/Fire_Attunement_%28large%29.jpg
  ✗ Fire Storm
    https://wiki.guildwars.com/images/8/83/Fire_Storm_%28large%29.jpg
  ✗ Fireball
    https://wiki.guildwars.com/images/a/a1/Fireball_%28large%29.jpg
  ✗ Flail
    https://wiki.guildwars.com/images/f/f2/Flail_%28large%29.jpg
  ✗ Flame Burst
    https://wiki.guildwars.com/images/6/67/Flame_Burst_%28large%29.jpg
  ✗ Flame Djinn's Haste
    https://wiki.guildwars.com/images/1/1f/Flame_Djinn%27s_Haste_%28large%29.jpg
  ✗ Flame Trap
    https://wiki.guildwars.com/images/4/49/Flame_Trap_%28large%29.jpg
  ✗ Flare
    https://wiki.guildwars.com/images/1/13/Flare_%28large%29.jpg
  ✗ Flashing Blades
    https://wiki.guildwars.com/images/9/9d/Flashing_Blades_%28large%29.jpg
  ✗ Fleeting Stability
    https://wiki.guildwars.com/images/b/b9/Fleeting_Stability_%28large%29.jpg
  ✗ Flesh of My Flesh
    https://wiki.guildwars.com/images/2/28/Flesh_of_My_Flesh_%28large%29.jpg
  ✗ Flourish
    https://wiki.guildwars.com/images/9/94/Flourish_%28large%29.jpg
  ✗ Flurry
    https://wiki.guildwars.com/images/3/30/Flurry_%28large%29.jpg
  ✗ Focused Anger
    https://wiki.guildwars.com/images/a/a0/Focused_Anger_%28large%29.jpg
  ✗ Focused Shot
    https://wiki.guildwars.com/images/8/8b/Focused_Shot_%28large%29.jpg
  ✗ Forceful Blow
    https://wiki.guildwars.com/images/6/64/Forceful_Blow_%28large%29.jpg
  ✗ Forked Arrow
    https://wiki.guildwars.com/images/e/eb/Forked_Arrow_%28large%29.jpg
  ✗ Foul Feast
    https://wiki.guildwars.com/images/d/dc/Foul_Feast_%28large%29.jpg
  ✗ Fox Fangs
    https://wiki.guildwars.com/images/3/34/Fox_Fangs_%28large%29.jpg
  ✗ Fox's Promise
    https://wiki.guildwars.com/images/d/d7/Fox%27s_Promise_%28large%29.jpg
  ✗ Fragility
    https://wiki.guildwars.com/images/9/91/Fragility_%28large%29.jpg
  ✗ Freezing Gust
    https://wiki.guildwars.com/images/b/b7/Freezing_Gust_%28large%29.jpg
  ✗ Frenzied Defense
    https://wiki.guildwars.com/images/0/0a/Frenzied_Defense_%28large%29.jpg
  ✗ Frenzy
    https://wiki.guildwars.com/images/e/e0/Frenzy_%28large%29.jpg
  ✗ Frigid Armor
    https://wiki.guildwars.com/images/2/20/Frigid_Armor_%28large%29.jpg
  ✗ Frozen Burst
    https://wiki.guildwars.com/images/e/e1/Frozen_Burst_%28large%29.jpg
  ✗ Frozen Soil
    https://wiki.guildwars.com/images/1/1b/Frozen_Soil_%28large%29.jpg
  ✗ Frustration
    https://wiki.guildwars.com/images/4/48/Frustration_%28large%29.jpg
  ✗ Furious Axe
    https://wiki.guildwars.com/images/d/de/Furious_Axe_%28large%29.jpg
  ✗ Gale
    https://wiki.guildwars.com/images/5/58/Gale_%28large%29.jpg
  ✗ Galrath Slash
    https://wiki.guildwars.com/images/a/aa/Galrath_Slash_%28large%29.jpg
  ✗ Gash
    https://wiki.guildwars.com/images/6/6c/Gash_%28large%29.jpg
  ✗ Gaze from Beyond
    https://wiki.guildwars.com/images/2/29/Gaze_from_Beyond_%28large%29.jpg
  ✗ Gaze of Contempt
    https://wiki.guildwars.com/images/8/8f/Gaze_of_Contempt_%28large%29.jpg
  ✗ Gaze of Fury
    https://wiki.guildwars.com/images/0/0a/Gaze_of_Fury_%28large%29.jpg
  ✗ Generous Was Tsungrai
    https://wiki.guildwars.com/images/2/24/Generous_Was_Tsungrai_%28large%29.jpg
  ✗ Ghostly Haste
    https://wiki.guildwars.com/images/0/05/Ghostly_Haste_%28large%29.jpg
  ✗ Ghostly Weapon
    https://wiki.guildwars.com/images/a/a1/Ghostly_Weapon_%28large%29.jpg
  ✗ Ghostmirror Light
    https://wiki.guildwars.com/images/0/0d/Ghostmirror_Light_%28large%29.jpg
  ✗ Gift of Health
    https://wiki.guildwars.com/images/0/0a/Gift_of_Health_%28large%29.jpg
  ✗ Gladiator's Defense
    https://wiki.guildwars.com/images/0/0e/Gladiator%27s_Defense_%28large%29.jpg
  ✗ Glass Arrows
    https://wiki.guildwars.com/images/8/81/Glass_Arrows_%28large%29.jpg
  ✗ Glimmer of Light
    https://wiki.guildwars.com/images/d/dd/Glimmer_of_Light_%28large%29.jpg
  ✗ Glimmering Mark
    https://wiki.guildwars.com/images/a/a4/Glimmering_Mark_%28large%29.jpg
  ✗ Glowing Gaze
    https://wiki.guildwars.com/images/2/20/Glowing_Gaze_%28large%29.jpg
  ✗ Glowing Ice
    https://wiki.guildwars.com/images/2/23/Glowing_Ice_%28large%29.jpg
  ✗ Glowing Signet
    https://wiki.guildwars.com/images/e/e1/Glowing_Signet_%28large%29.jpg
  ✗ Glowstone
    https://wiki.guildwars.com/images/9/9f/Glowstone_%28large%29.jpg
  ✗ Glyph of Concentration
    https://wiki.guildwars.com/images/4/4e/Glyph_of_Concentration_%28large%29.jpg
  ✗ Glyph of Elemental Power
    https://wiki.guildwars.com/images/7/75/Glyph_of_Elemental_Power_%28large%29.jpg
  ✗ Glyph of Energy
    https://wiki.guildwars.com/images/9/95/Glyph_of_Energy_%28large%29.jpg
  ✗ Glyph of Essence
    https://wiki.guildwars.com/images/f/f0/Glyph_of_Essence_%28large%29.jpg
  ✗ Glyph of Immolation
    https://wiki.guildwars.com/images/2/2e/Glyph_of_Immolation_%28large%29.jpg
  ✗ Glyph of Lesser Energy
    https://wiki.guildwars.com/images/d/d5/Glyph_of_Lesser_Energy_%28large%29.jpg
  ✗ Glyph of Renewal
    https://wiki.guildwars.com/images/8/8e/Glyph_of_Renewal_%28large%29.jpg
  ✗ Glyph of Restoration
    https://wiki.guildwars.com/images/0/0b/Glyph_of_Restoration_%28large%29.jpg
  ✗ Glyph of Sacrifice
    https://wiki.guildwars.com/images/d/db/Glyph_of_Sacrifice_%28large%29.jpg
  ✗ Glyph of Swiftness
    https://wiki.guildwars.com/images/4/41/Glyph_of_Swiftness_%28large%29.jpg
  ✗ Godspeed
    https://wiki.guildwars.com/images/5/57/Godspeed_%28large%29.jpg
  ✗ Golden Fang Strike
    https://wiki.guildwars.com/images/d/df/Golden_Fang_Strike_%28large%29.jpg
  ✗ Golden Fox Strike
    https://wiki.guildwars.com/images/1/1f/Golden_Fox_Strike_%28large%29.jpg
  ✗ Golden Lotus Strike
    https://wiki.guildwars.com/images/c/cd/Golden_Lotus_Strike_%28large%29.jpg
  ✗ Golden Phoenix Strike
    https://wiki.guildwars.com/images/c/c9/Golden_Phoenix_Strike_%28large%29.jpg
  ✗ Golden Skull Strike
    https://wiki.guildwars.com/images/9/94/Golden_Skull_Strike_%28large%29.jpg
  ✗ Grapple
    https://wiki.guildwars.com/images/7/75/Grapple_%28large%29.jpg
  ✗ Grasping Earth
    https://wiki.guildwars.com/images/a/ae/Grasping_Earth_%28large%29.jpg
  ✗ Grasping Was Kuurong
    https://wiki.guildwars.com/images/4/4a/Grasping_Was_Kuurong_%28large%29.jpg
  ✗ Greater Conflagration
    https://wiki.guildwars.com/images/3/3a/Greater_Conflagration_%28large%29.jpg
  ✗ Grenth's Aura
    https://wiki.guildwars.com/images/f/fb/Grenth%27s_Aura_%28large%29.jpg
  ✗ Grenth's Balance
    https://wiki.guildwars.com/images/0/03/Grenth%27s_Balance_%28large%29.jpg
  ✗ Grenth's Fingers
    https://wiki.guildwars.com/images/c/ca/Grenth%27s_Fingers_%28large%29.jpg
  ✗ Grenth's Grasp
    https://wiki.guildwars.com/images/3/3e/Grenth%27s_Grasp_%28large%29.jpg
  ✗ Griffon's Sweep
    https://wiki.guildwars.com/images/9/94/Griffon%27s_Sweep_%28large%29.jpg
  ✗ Guardian
    https://wiki.guildwars.com/images/a/ae/Guardian_%28large%29.jpg
  ✗ Guided Weapon
    https://wiki.guildwars.com/images/a/a7/Guided_Weapon_%28large%29.jpg
  ✗ Guiding Hands
    https://wiki.guildwars.com/images/6/68/Guiding_Hands_%28large%29.jpg
  ✗ Guilt
    https://wiki.guildwars.com/images/a/aa/Guilt_%28large%29.jpg
  ✗ Gust
    https://wiki.guildwars.com/images/a/aa/Gust_%28large%29.jpg
  ✗ Hammer Bash
    https://wiki.guildwars.com/images/d/dd/Hammer_Bash_%28large%29.jpg
  ✗ Hamstring
    https://wiki.guildwars.com/images/4/42/Hamstring_%28large%29.jpg
  ✗ Harrier's Grasp
    https://wiki.guildwars.com/images/5/55/Harrier%27s_Grasp_%28large%29.jpg
  ✗ Harrier's Haste
    https://wiki.guildwars.com/images/4/46/Harrier%27s_Haste_%28large%29.jpg
  ✗ Harrier's Toss
    https://wiki.guildwars.com/images/e/ec/Harrier%27s_Toss_%28large%29.jpg
  ✗ Hasty Refrain
    https://wiki.guildwars.com/images/5/58/Hasty_Refrain_%28large%29.jpg
  ✗ Headbutt
    https://wiki.guildwars.com/images/3/36/Headbutt_%28large%29.jpg
  ✗ Heal Area
    https://wiki.guildwars.com/images/8/85/Heal_Area_%28large%29.jpg
  ✗ Heal Other
    https://wiki.guildwars.com/images/5/5c/Heal_Other_%28large%29.jpg
  ✗ Heal Party
    https://wiki.guildwars.com/images/3/39/Heal_Party_%28large%29.jpg
  ✗ Heal as One
    https://wiki.guildwars.com/images/5/50/Heal_as_One_%28large%29.jpg
  ✗ Healer's Boon
    https://wiki.guildwars.com/images/c/c2/Healer%27s_Boon_%28large%29.jpg
  ✗ Healer's Covenant
    https://wiki.guildwars.com/images/9/9e/Healer%27s_Covenant_%28large%29.jpg
  ✗ Healing Breeze
    https://wiki.guildwars.com/images/6/6b/Healing_Breeze_%28large%29.jpg
  ✗ Healing Burst
    https://wiki.guildwars.com/images/e/e3/Healing_Burst_%28large%29.jpg
  ✗ Healing Hands
    https://wiki.guildwars.com/images/8/8c/Healing_Hands_%28large%29.jpg
  ✗ Healing Light
    https://wiki.guildwars.com/images/7/72/Healing_Light_%28large%29.jpg
  ✗ Healing Ribbon
    https://wiki.guildwars.com/images/c/cc/Healing_Ribbon_%28large%29.jpg
  ✗ Healing Ring
    https://wiki.guildwars.com/images/8/81/Healing_Ring_%28large%29.jpg
  ✗ Healing Seed
    https://wiki.guildwars.com/images/e/ec/Healing_Seed_%28large%29.jpg
  ✗ Healing Signet
    https://wiki.guildwars.com/images/2/27/Healing_Signet_%28large%29.jpg
  ✗ Healing Spring
    https://wiki.guildwars.com/images/5/5b/Healing_Spring_%28large%29.jpg
  ✗ Healing Touch
    https://wiki.guildwars.com/images/c/c3/Healing_Touch_%28large%29.jpg
  ✗ Healing Whisper
    https://wiki.guildwars.com/images/f/f7/Healing_Whisper_%28large%29.jpg
  ✗ Heart of Fury
    https://wiki.guildwars.com/images/e/e6/Heart_of_Fury_%28large%29.jpg
  ✗ Heart of Holy Flame
    https://wiki.guildwars.com/images/c/ce/Heart_of_Holy_Flame_%28large%29.jpg
  ✗ Heart of Shadow
    https://wiki.guildwars.com/images/2/2d/Heart_of_Shadow_%28large%29.jpg
  ✗ Heaven's Delight
    https://wiki.guildwars.com/images/6/64/Heaven%27s_Delight_%28large%29.jpg
  ✗ Heavy Blow
    https://wiki.guildwars.com/images/e/ec/Heavy_Blow_%28large%29.jpg
  ✗ Heket's Rampage
    https://wiki.guildwars.com/images/c/c8/Heket%27s_Rampage_%28large%29.jpg
  ✗ Hex Breaker
    https://wiki.guildwars.com/images/2/21/Hex_Breaker_%28large%29.jpg
  ✗ Hex Eater Signet
    https://wiki.guildwars.com/images/9/90/Hex_Eater_Signet_%28large%29.jpg
  ✗ Hex Eater Vortex
    https://wiki.guildwars.com/images/9/98/Hex_Eater_Vortex_%28large%29.jpg
  ✗ Hexbreaker Aria
    https://wiki.guildwars.com/images/a/a8/Hexbreaker_Aria_%28large%29.jpg
  ✗ Hexer's Vigor
    https://wiki.guildwars.com/images/0/04/Hexer%27s_Vigor_%28large%29.jpg
  ✗ Hidden Caltrops
    https://wiki.guildwars.com/images/e/e6/Hidden_Caltrops_%28large%29.jpg
  ✗ Holy Haste
    https://wiki.guildwars.com/images/5/5b/Holy_Haste_%28large%29.jpg
  ✗ Holy Spear
    https://wiki.guildwars.com/images/7/7b/Holy_Spear_%28large%29.jpg
  ✗ Holy Strike
    https://wiki.guildwars.com/images/5/58/Holy_Strike_%28large%29.jpg
  ✗ Holy Veil
    https://wiki.guildwars.com/images/f/f1/Holy_Veil_%28large%29.jpg
  ✗ Holy Wrath
    https://wiki.guildwars.com/images/b/b3/Holy_Wrath_%28large%29.jpg
  ✗ Horns of the Ox
    https://wiki.guildwars.com/images/a/af/Horns_of_the_Ox_%28large%29.jpg
  ✗ Hundred Blades
    https://wiki.guildwars.com/images/0/0a/Hundred_Blades_%28large%29.jpg
  ✗ Hunter's Shot
    https://wiki.guildwars.com/images/3/33/Hunter%27s_Shot_%28large%29.jpg
  ✗ Hypochondria
    https://wiki.guildwars.com/images/1/16/Hypochondria_%28large%29.jpg
  ✗ I Will Avenge You!
    https://wiki.guildwars.com/images/1/1d/I_Will_Avenge_You%21_%28large%29.jpg
  ✗ I Will Survive!
    https://wiki.guildwars.com/images/8/8f/I_Will_Survive%21_%28large%29.jpg
  ✗ Ice Prison
    https://wiki.guildwars.com/images/d/d2/Ice_Prison_%28large%29.jpg
  ✗ Ice Spear
    https://wiki.guildwars.com/images/c/c1/Ice_Spear_%28large%29.jpg
  ✗ Ice Spikes
    https://wiki.guildwars.com/images/7/7d/Ice_Spikes_%28large%29.jpg
  ✗ Icy Prism
    https://wiki.guildwars.com/images/b/b1/Icy_Prism_%28large%29.jpg
  ✗ Icy Shackles
    https://wiki.guildwars.com/images/6/6c/Icy_Shackles_%28large%29.jpg
  ✗ Icy Veins
    https://wiki.guildwars.com/images/3/34/Icy_Veins_%28large%29.jpg
  ✗ Ignite Arrows
    https://wiki.guildwars.com/images/5/52/Ignite_Arrows_%28large%29.jpg
  ✗ Ignorance
    https://wiki.guildwars.com/images/f/fe/Ignorance_%28large%29.jpg
  ✗ Illusion of Haste
    https://wiki.guildwars.com/images/c/c9/Illusion_of_Haste_%28large%29.jpg
  ✗ Illusion of Pain
    https://wiki.guildwars.com/images/9/9b/Illusion_of_Pain_%28large%29.jpg
  ✗ Illusion of Weakness
    https://wiki.guildwars.com/images/6/6e/Illusion_of_Weakness_%28large%29.jpg
  ✗ Illusionary Weaponry
    https://wiki.guildwars.com/images/8/8a/Illusionary_Weaponry_%28large%29.jpg
  ✗ Images of Remorse
    https://wiki.guildwars.com/images/6/65/Images_of_Remorse_%28large%29.jpg
  ✗ Imagined Burden
    https://wiki.guildwars.com/images/e/eb/Imagined_Burden_%28large%29.jpg
  ✗ Imbue Health
    https://wiki.guildwars.com/images/9/96/Imbue_Health_%28large%29.jpg
  ✗ Immolate
    https://wiki.guildwars.com/images/a/a7/Immolate_%28large%29.jpg
  ✗ Impale
    https://wiki.guildwars.com/images/f/f9/Impale_%28large%29.jpg
  ✗ Incendiary Arrows
    https://wiki.guildwars.com/images/3/37/Incendiary_Arrows_%28large%29.jpg
  ✗ Incendiary Bonds
    https://wiki.guildwars.com/images/9/9d/Incendiary_Bonds_%28large%29.jpg
  ✗ Ineptitude
    https://wiki.guildwars.com/images/a/af/Ineptitude_%28large%29.jpg
  ✗ Inferno
    https://wiki.guildwars.com/images/1/1c/Inferno_%28large%29.jpg
  ✗ Infuriating Heat
    https://wiki.guildwars.com/images/a/ab/Infuriating_Heat_%28large%29.jpg
  ✗ Infuse Condition
    https://wiki.guildwars.com/images/6/6f/Infuse_Condition_%28large%29.jpg
  ✗ Infuse Health
    https://wiki.guildwars.com/images/6/6e/Infuse_Health_%28large%29.jpg
  ✗ Insidious Parasite
    https://wiki.guildwars.com/images/c/cb/Insidious_Parasite_%28large%29.jpg
  ✗ Inspirational Speech
    https://wiki.guildwars.com/images/c/c3/Inspirational_Speech_%28large%29.jpg
  ✗ Inspired Enchantment
    https://wiki.guildwars.com/images/5/5b/Inspired_Enchantment_%28large%29.jpg
  ✗ Inspired Hex
    https://wiki.guildwars.com/images/1/16/Inspired_Hex_%28large%29.jpg
  ✗ Intimidating Aura
    https://wiki.guildwars.com/images/9/93/Intimidating_Aura_%28large%29.jpg
  ✗ Invoke Lightning
    https://wiki.guildwars.com/images/e/e5/Invoke_Lightning_%28large%29.jpg
  ✗ Iron Mist
    https://wiki.guildwars.com/images/4/4a/Iron_Mist_%28large%29.jpg
  ✗ Iron Palm
    https://wiki.guildwars.com/images/7/75/Iron_Palm_%28large%29.jpg
  ✗ Irresistible Blow
    https://wiki.guildwars.com/images/a/a5/Irresistible_Blow_%28large%29.jpg
  ✗ Irresistible Sweep
    https://wiki.guildwars.com/images/8/84/Irresistible_Sweep_%28large%29.jpg
  ✗ Jagged Bones
    https://wiki.guildwars.com/images/b/b3/Jagged_Bones_%28large%29.jpg
  ✗ Jagged Strike
    https://wiki.guildwars.com/images/d/d4/Jagged_Strike_%28large%29.jpg
  ✗ Jaizhenju Strike
    https://wiki.guildwars.com/images/4/4e/Jaizhenju_Strike_%28large%29.jpg
  ✗ Jamei's Gaze
    https://wiki.guildwars.com/images/1/16/Jamei%27s_Gaze_%28large%29.jpg
  ✗ Jaundiced Gaze
    https://wiki.guildwars.com/images/e/eb/Jaundiced_Gaze_%28large%29.jpg
  ✗ Judge's Insight
    https://wiki.guildwars.com/images/5/5d/Judge%27s_Insight_%28large%29.jpg
  ✗ Judge's Intervention
    https://wiki.guildwars.com/images/3/31/Judge%27s_Intervention_%28large%29.jpg
  ✗ Jungle Strike
    https://wiki.guildwars.com/images/c/cd/Jungle_Strike_%28large%29.jpg
  ✗ Karei's Healing Circle
    https://wiki.guildwars.com/images/7/74/Karei%27s_Healing_Circle_%28large%29.jpg
  ✗ Keen Arrow
    https://wiki.guildwars.com/images/e/e4/Keen_Arrow_%28large%29.jpg
  ✗ Keen Chop
    https://wiki.guildwars.com/images/1/15/Keen_Chop_%28large%29.jpg
  ✗ Keystone Signet
    https://wiki.guildwars.com/images/e/e6/Keystone_Signet_%28large%29.jpg
  ✗ Kindle Arrows
    https://wiki.guildwars.com/images/7/7b/Kindle_Arrows_%28large%29.jpg
  ✗ Kinetic Armor
    https://wiki.guildwars.com/images/3/37/Kinetic_Armor_%28large%29.jpg
  ✗ Kirin's Wrath
    https://wiki.guildwars.com/images/5/57/Kirin%27s_Wrath_%28large%29.jpg
  ✗ Kitah's Burden
    https://wiki.guildwars.com/images/a/af/Kitah%27s_Burden_%28large%29.jpg
  ✗ Knee Cutter
    https://wiki.guildwars.com/images/c/ca/Knee_Cutter_%28large%29.jpg
  ✗ Lacerate
    https://wiki.guildwars.com/images/6/63/Lacerate_%28large%29.jpg
  ✗ Lacerating Chop
    https://wiki.guildwars.com/images/a/a4/Lacerating_Chop_%28large%29.jpg
  ✗ Lamentation
    https://wiki.guildwars.com/images/e/e9/Lamentation_%28large%29.jpg
  ✗ Lava Arrows
    https://wiki.guildwars.com/images/8/87/Lava_Arrows_%28large%29.jpg
  ✗ Lava Font
    https://wiki.guildwars.com/images/c/c7/Lava_Font_%28large%29.jpg
  ✗ Leader's Comfort
    https://wiki.guildwars.com/images/b/b4/Leader%27s_Comfort_%28large%29.jpg
  ✗ Leader's Zeal
    https://wiki.guildwars.com/images/f/f4/Leader%27s_Zeal_%28large%29.jpg
  ✗ Leaping Mantis Sting
    https://wiki.guildwars.com/images/f/fe/Leaping_Mantis_Sting_%28large%29.jpg
  ✗ Leech Signet
    https://wiki.guildwars.com/images/a/af/Leech_Signet_%28large%29.jpg
  ✗ Leviathan's Sweep
    https://wiki.guildwars.com/images/0/0c/Leviathan%27s_Sweep_%28large%29.jpg
  ✗ Life
    https://wiki.guildwars.com/images/7/77/Life_%28large%29.jpg
  ✗ Life Attunement
    https://wiki.guildwars.com/images/5/53/Life_Attunement_%28large%29.jpg
  ✗ Life Barrier
    https://wiki.guildwars.com/images/3/32/Life_Barrier_%28large%29.jpg
  ✗ Life Bond
    https://wiki.guildwars.com/images/3/3e/Life_Bond_%28large%29.jpg
  ✗ Life Sheath
    https://wiki.guildwars.com/images/6/69/Life_Sheath_%28large%29.jpg
  ✗ Life Siphon
    https://wiki.guildwars.com/images/c/c0/Life_Siphon_%28large%29.jpg
  ✗ Life Transfer
    https://wiki.guildwars.com/images/3/33/Life_Transfer_%28large%29.jpg
  ✗ Lifebane Strike
    https://wiki.guildwars.com/images/b/b4/Lifebane_Strike_%28large%29.jpg
  ✗ Lift Enchantment
    https://wiki.guildwars.com/images/7/7e/Lift_Enchantment_%28large%29.jpg
  ✗ Light of Deliverance
    https://wiki.guildwars.com/images/e/ee/Light_of_Deliverance_%28large%29.jpg
  ✗ Light of Dwayna
    https://wiki.guildwars.com/images/d/d1/Light_of_Dwayna_%28large%29.jpg
  ✗ Lightning Bolt
    https://wiki.guildwars.com/images/6/6c/Lightning_Bolt_%28large%29.jpg
  ✗ Lightning Hammer
    https://wiki.guildwars.com/images/0/00/Lightning_Hammer_%28large%29.jpg
  ✗ Lightning Javelin
    https://wiki.guildwars.com/images/8/8e/Lightning_Javelin_%28large%29.jpg
  ✗ Lightning Orb
    https://wiki.guildwars.com/images/1/13/Lightning_Orb_%28large%29.jpg
  ✗ Lightning Reflexes
    https://wiki.guildwars.com/images/c/c5/Lightning_Reflexes_%28large%29.jpg
  ✗ Lightning Strike
    https://wiki.guildwars.com/images/f/f9/Lightning_Strike_%28large%29.jpg
  ✗ Lightning Surge
    https://wiki.guildwars.com/images/8/88/Lightning_Surge_%28large%29.jpg
  ✗ Lightning Touch
    https://wiki.guildwars.com/images/1/18/Lightning_Touch_%28large%29.jpg
  ✗ Lingering Curse
    https://wiki.guildwars.com/images/0/08/Lingering_Curse_%28large%29.jpg
  ✗ Lion's Comfort
    https://wiki.guildwars.com/images/7/7f/Lion%27s_Comfort_%28large%29.jpg
  ✗ Liquid Flame
    https://wiki.guildwars.com/images/2/24/Liquid_Flame_%28large%29.jpg
  ✗ Live Vicariously
    https://wiki.guildwars.com/images/3/34/Live_Vicariously_%28large%29.jpg
  ✗ Lively Was Naomei
    https://wiki.guildwars.com/images/1/1b/Lively_Was_Naomei_%28large%29.jpg
  ✗ Locust's Fury
    https://wiki.guildwars.com/images/5/5c/Locust%27s_Fury_%28large%29.jpg
  ✗ Lotus Strike
    https://wiki.guildwars.com/images/9/9d/Lotus_Strike_%28large%29.jpg
  ✗ Lyric of Purification
    https://wiki.guildwars.com/images/1/18/Lyric_of_Purification_%28large%29.jpg
  ✗ Lyric of Zeal
    https://wiki.guildwars.com/images/9/91/Lyric_of_Zeal_%28large%29.jpg
  ✗ Lyssa's Assault
    https://wiki.guildwars.com/images/5/53/Lyssa%27s_Assault_%28large%29.jpg
  ✗ Lyssa's Aura
    https://wiki.guildwars.com/images/6/60/Lyssa%27s_Aura_%28large%29.jpg
  ✗ Lyssa's Balance
    https://wiki.guildwars.com/images/1/1e/Lyssa%27s_Balance_%28large%29.jpg
  ✗ Lyssa's Haste
    https://wiki.guildwars.com/images/f/f3/Lyssa%27s_Haste_%28large%29.jpg
  ✗ Maelstrom
    https://wiki.guildwars.com/images/5/54/Maelstrom_%28large%29.jpg
  ✗ Magebane Shot
    https://wiki.guildwars.com/images/5/54/Magebane_Shot_%28large%29.jpg
  ✗ Magehunter Strike
    https://wiki.guildwars.com/images/7/74/Magehunter_Strike_%28large%29.jpg
  ✗ Magehunter's Smash
    https://wiki.guildwars.com/images/e/eb/Magehunter%27s_Smash_%28large%29.jpg
  ✗ Magnetic Aura
    https://wiki.guildwars.com/images/b/b5/Magnetic_Aura_%28large%29.jpg
  ✗ Magnetic Surge
    https://wiki.guildwars.com/images/3/3a/Magnetic_Surge_%28large%29.jpg
  ✗ Maiming Spear
    https://wiki.guildwars.com/images/3/3a/Maiming_Spear_%28large%29.jpg
  ✗ Maiming Strike
    https://wiki.guildwars.com/images/f/fa/Maiming_Strike_%28large%29.jpg
  ✗ Malaise
    https://wiki.guildwars.com/images/d/d6/Malaise_%28large%29.jpg
  ✗ Malicious Strike
    https://wiki.guildwars.com/images/e/e8/Malicious_Strike_%28large%29.jpg
  ✗ Malign Intervention
    https://wiki.guildwars.com/images/5/56/Malign_Intervention_%28large%29.jpg
  ✗ Mantis Touch
    https://wiki.guildwars.com/images/d/dd/Mantis_Touch_%28large%29.jpg
  ✗ Mantra of Concentration
    https://wiki.guildwars.com/images/5/5c/Mantra_of_Concentration_%28large%29.jpg
  ✗ Mantra of Earth
    https://wiki.guildwars.com/images/1/13/Mantra_of_Earth_%28large%29.jpg
  ✗ Mantra of Flame
    https://wiki.guildwars.com/images/3/31/Mantra_of_Flame_%28large%29.jpg
  ✗ Mantra of Frost
    https://wiki.guildwars.com/images/9/93/Mantra_of_Frost_%28large%29.jpg
  ✗ Mantra of Inscriptions
    https://wiki.guildwars.com/images/c/c4/Mantra_of_Inscriptions_%28large%29.jpg
  ✗ Mantra of Lightning
    https://wiki.guildwars.com/images/1/1d/Mantra_of_Lightning_%28large%29.jpg
  ✗ Mantra of Persistence
    https://wiki.guildwars.com/images/9/90/Mantra_of_Persistence_%28large%29.jpg
  ✗ Mantra of Recall
    https://wiki.guildwars.com/images/1/11/Mantra_of_Recall_%28large%29.jpg
  ✗ Mantra of Recovery
    https://wiki.guildwars.com/images/b/bb/Mantra_of_Recovery_%28large%29.jpg
  ✗ Mantra of Resolve
    https://wiki.guildwars.com/images/3/38/Mantra_of_Resolve_%28large%29.jpg
  ✗ Mantra of Signets
    https://wiki.guildwars.com/images/9/9c/Mantra_of_Signets_%28large%29.jpg
  ✗ Marauder's Shot
    https://wiki.guildwars.com/images/5/5d/Marauder%27s_Shot_%28large%29.jpg
  ✗ Mark of Death
    https://wiki.guildwars.com/images/f/fc/Mark_of_Death_%28large%29.jpg
  ✗ Mark of Fury
    https://wiki.guildwars.com/images/8/81/Mark_of_Fury_%28large%29.jpg
  ✗ Mark of Insecurity
    https://wiki.guildwars.com/images/2/2d/Mark_of_Insecurity_%28large%29.jpg
  ✗ Mark of Instability
    https://wiki.guildwars.com/images/f/f3/Mark_of_Instability_%28large%29.jpg
  ✗ Mark of Pain
    https://wiki.guildwars.com/images/3/35/Mark_of_Pain_%28large%29.jpg
  ✗ Mark of Protection
    https://wiki.guildwars.com/images/0/09/Mark_of_Protection_%28large%29.jpg
  ✗ Mark of Rodgort
    https://wiki.guildwars.com/images/0/01/Mark_of_Rodgort_%28large%29.jpg
  ✗ Mark of Subversion
    https://wiki.guildwars.com/images/6/67/Mark_of_Subversion_%28large%29.jpg
  ✗ Marksman's Wager
    https://wiki.guildwars.com/images/f/f4/Marksman%27s_Wager_%28large%29.jpg
  ✗ Martyr
    https://wiki.guildwars.com/images/0/05/Martyr_%28large%29.jpg
  ✗ Masochism
    https://wiki.guildwars.com/images/c/c5/Masochism_%28large%29.jpg
  ✗ Master of Magic
    https://wiki.guildwars.com/images/6/6e/Master_of_Magic_%28large%29.jpg
  ✗ Meditation
    https://wiki.guildwars.com/images/2/24/Meditation_%28large%29.jpg
  ✗ Meekness
    https://wiki.guildwars.com/images/4/47/Meekness_%28large%29.jpg
  ✗ Melandru's Arrows
    https://wiki.guildwars.com/images/5/5b/Melandru%27s_Arrows_%28large%29.jpg
  ✗ Melandru's Assault
    https://wiki.guildwars.com/images/1/11/Melandru%27s_Assault_%28large%29.jpg
  ✗ Melandru's Resilience
    https://wiki.guildwars.com/images/6/6d/Melandru%27s_Resilience_%28large%29.jpg
  ✗ Melandru's Shot
    https://wiki.guildwars.com/images/5/53/Melandru%27s_Shot_%28large%29.jpg
  ✗ Mend Ailment
    https://wiki.guildwars.com/images/e/e2/Mend_Ailment_%28large%29.jpg
  ✗ Mend Body and Soul
    https://wiki.guildwars.com/images/2/27/Mend_Body_and_Soul_%28large%29.jpg
  ✗ Mend Condition
    https://wiki.guildwars.com/images/7/78/Mend_Condition_%28large%29.jpg
  ✗ Mending
    https://wiki.guildwars.com/images/1/14/Mending_%28large%29.jpg
  ✗ Mending Grip
    https://wiki.guildwars.com/images/f/f5/Mending_Grip_%28large%29.jpg
  ✗ Mending Refrain
    https://wiki.guildwars.com/images/b/b9/Mending_Refrain_%28large%29.jpg
  ✗ Mending Touch
    https://wiki.guildwars.com/images/8/8c/Mending_Touch_%28large%29.jpg
  ✗ Merciless Spear
    https://wiki.guildwars.com/images/5/5e/Merciless_Spear_%28large%29.jpg
  ✗ Meteor
    https://wiki.guildwars.com/images/b/b6/Meteor_%28large%29.jpg
  ✗ Meteor Shower
    https://wiki.guildwars.com/images/9/9c/Meteor_Shower_%28large%29.jpg
  ✗ Mighty Blow
    https://wiki.guildwars.com/images/a/ab/Mighty_Blow_%28large%29.jpg
  ✗ Mighty Throw
    https://wiki.guildwars.com/images/5/51/Mighty_Throw_%28large%29.jpg
  ✗ Mighty Was Vorizun
    https://wiki.guildwars.com/images/e/e0/Mighty_Was_Vorizun_%28large%29.jpg
  ✗ Migraine
    https://wiki.guildwars.com/images/1/1e/Migraine_%28large%29.jpg
  ✗ Mind Blast
    https://wiki.guildwars.com/images/f/f1/Mind_Blast_%28large%29.jpg
  ✗ Mind Burn
    https://wiki.guildwars.com/images/8/8f/Mind_Burn_%28large%29.jpg
  ✗ Mind Freeze
    https://wiki.guildwars.com/images/a/a8/Mind_Freeze_%28large%29.jpg
  ✗ Mind Shock
    https://wiki.guildwars.com/images/2/2f/Mind_Shock_%28large%29.jpg
  ✗ Mind Wrack
    https://wiki.guildwars.com/images/9/9f/Mind_Wrack_%28large%29.jpg
  ✗ Mirage Cloak
    https://wiki.guildwars.com/images/1/18/Mirage_Cloak_%28large%29.jpg
  ✗ Mirror of Disenchantment
    https://wiki.guildwars.com/images/4/40/Mirror_of_Disenchantment_%28large%29.jpg
  ✗ Mirror of Ice
    https://wiki.guildwars.com/images/4/41/Mirror_of_Ice_%28large%29.jpg
  ✗ Mirrored Stance
    https://wiki.guildwars.com/images/3/37/Mirrored_Stance_%28large%29.jpg
  ✗ Mist Form
    https://wiki.guildwars.com/images/8/86/Mist_Form_%28large%29.jpg
  ✗ Mistrust
    https://wiki.guildwars.com/images/0/06/Mistrust_%28large%29.jpg
  ✗ Moebius Strike
    https://wiki.guildwars.com/images/7/73/Moebius_Strike_%28large%29.jpg
  ✗ Mokele Smash
    https://wiki.guildwars.com/images/0/00/Mokele_Smash_%28large%29.jpg
  ✗ Muddy Terrain
    https://wiki.guildwars.com/images/a/a0/Muddy_Terrain_%28large%29.jpg
  ✗ Mystic Corruption
    https://wiki.guildwars.com/images/e/ee/Mystic_Corruption_%28large%29.jpg
  ✗ Mystic Healing
    https://wiki.guildwars.com/images/7/71/Mystic_Healing_%28large%29.jpg
  ✗ Mystic Regeneration
    https://wiki.guildwars.com/images/4/43/Mystic_Regeneration_%28large%29.jpg
  ✗ Mystic Sandstorm
    https://wiki.guildwars.com/images/c/c1/Mystic_Sandstorm_%28large%29.jpg
  ✗ Mystic Sweep
    https://wiki.guildwars.com/images/8/8b/Mystic_Sweep_%28large%29.jpg
  ✗ Mystic Twister
    https://wiki.guildwars.com/images/a/ae/Mystic_Twister_%28large%29.jpg
  ✗ Mystic Vigor
    https://wiki.guildwars.com/images/1/1d/Mystic_Vigor_%28large%29.jpg
  ✗ Natural Healing
    https://wiki.guildwars.com/images/4/43/Natural_Healing_%28large%29.jpg
  ✗ Natural Stride
    https://wiki.guildwars.com/images/5/59/Natural_Stride_%28large%29.jpg
  ✗ Natural Temper
    https://wiki.guildwars.com/images/7/70/Natural_Temper_%28large%29.jpg
  ✗ Nature's Renewal
    https://wiki.guildwars.com/images/1/12/Nature%27s_Renewal_%28large%29.jpg
  ✗ Necrotic Traversal
    https://wiki.guildwars.com/images/8/8f/Necrotic_Traversal_%28large%29.jpg
  ✗ Needling Shot
    https://wiki.guildwars.com/images/d/d4/Needling_Shot_%28large%29.jpg
  ✗ Nightmare Weapon
    https://wiki.guildwars.com/images/0/0d/Nightmare_Weapon_%28large%29.jpg
  ✗ Nine Tail Strike
    https://wiki.guildwars.com/images/c/c8/Nine_Tail_Strike_%28large%29.jpg
  ✗ Oath Shot
    https://wiki.guildwars.com/images/5/55/Oath_Shot_%28large%29.jpg
  ✗ Obsidian Flame
    https://wiki.guildwars.com/images/4/49/Obsidian_Flame_%28large%29.jpg
  ✗ Obsidian Flesh
    https://wiki.guildwars.com/images/1/1c/Obsidian_Flesh_%28large%29.jpg
  ✗ Offering of Blood
    https://wiki.guildwars.com/images/c/c8/Offering_of_Blood_%28large%29.jpg
  ✗ Offering of Spirit
    https://wiki.guildwars.com/images/b/bd/Offering_of_Spirit_%28large%29.jpg
  ✗ Onslaught
    https://wiki.guildwars.com/images/5/5a/Onslaught_%28large%29.jpg
  ✗ Oppressive Gaze
    https://wiki.guildwars.com/images/9/9e/Oppressive_Gaze_%28large%29.jpg
  ✗ Order of Apostasy
    https://wiki.guildwars.com/images/c/c2/Order_of_Apostasy_%28large%29.jpg
  ✗ Order of Pain
    https://wiki.guildwars.com/images/e/e0/Order_of_Pain_%28large%29.jpg
  ✗ Order of Undeath
    https://wiki.guildwars.com/images/a/a9/Order_of_Undeath_%28large%29.jpg
  ✗ Order of the Vampire
    https://wiki.guildwars.com/images/9/91/Order_of_the_Vampire_%28large%29.jpg
  ✗ Orison of Healing
    https://wiki.guildwars.com/images/b/b8/Orison_of_Healing_%28large%29.jpg
  ✗ Otyugh's Cry
    https://wiki.guildwars.com/images/2/2e/Otyugh%27s_Cry_%28large%29.jpg
  ✗ Overbearing Smash
    https://wiki.guildwars.com/images/5/5e/Overbearing_Smash_%28large%29.jpg
  ✗ Overload
    https://wiki.guildwars.com/images/e/ee/Overload_%28large%29.jpg
  ✗ Pacifism
    https://wiki.guildwars.com/images/0/05/Pacifism_%28large%29.jpg
  ✗ Pain
    https://wiki.guildwars.com/images/0/03/Pain_%28large%29.jpg
  ✗ Pain of Disenchantment
    https://wiki.guildwars.com/images/b/ba/Pain_of_Disenchantment_%28large%29.jpg
  ✗ Painful Bond
    https://wiki.guildwars.com/images/f/fb/Painful_Bond_%28large%29.jpg
  ✗ Palm Strike
    https://wiki.guildwars.com/images/7/73/Palm_Strike_%28large%29.jpg
  ✗ Panic
    https://wiki.guildwars.com/images/6/65/Panic_%28large%29.jpg
  ✗ Parasitic Bond
    https://wiki.guildwars.com/images/5/57/Parasitic_Bond_%28large%29.jpg
  ✗ Patient Spirit
    https://wiki.guildwars.com/images/e/e4/Patient_Spirit_%28large%29.jpg
  ✗ Peace and Harmony
    https://wiki.guildwars.com/images/d/d1/Peace_and_Harmony_%28large%29.jpg
  ✗ Penetrating Attack
    https://wiki.guildwars.com/images/3/31/Penetrating_Attack_%28large%29.jpg
  ✗ Penetrating Blow
    https://wiki.guildwars.com/images/6/6b/Penetrating_Blow_%28large%29.jpg
  ✗ Penetrating Chop
    https://wiki.guildwars.com/images/3/31/Penetrating_Chop_%28large%29.jpg
  ✗ Pensive Guardian
    https://wiki.guildwars.com/images/e/ee/Pensive_Guardian_%28large%29.jpg
  ✗ Persistence of Memory
    https://wiki.guildwars.com/images/d/da/Persistence_of_Memory_%28large%29.jpg
  ✗ Pestilence
    https://wiki.guildwars.com/images/e/e2/Pestilence_%28large%29.jpg
  ✗ Phantom Pain
    https://wiki.guildwars.com/images/9/94/Phantom_Pain_%28large%29.jpg
  ✗ Phoenix
    https://wiki.guildwars.com/images/5/57/Phoenix_%28large%29.jpg
  ✗ Physical Resistance
    https://wiki.guildwars.com/images/4/4d/Physical_Resistance_%28large%29.jpg
  ✗ Piercing Trap
    https://wiki.guildwars.com/images/9/91/Piercing_Trap_%28large%29.jpg
  ✗ Pin Down
    https://wiki.guildwars.com/images/c/c8/Pin_Down_%28large%29.jpg
  ✗ Pious Assault
    https://wiki.guildwars.com/images/b/b3/Pious_Assault_%28large%29.jpg
  ✗ Pious Concentration
    https://wiki.guildwars.com/images/8/85/Pious_Concentration_%28large%29.jpg
  ✗ Pious Fury
    https://wiki.guildwars.com/images/7/79/Pious_Fury_%28large%29.jpg
  ✗ Pious Haste
    https://wiki.guildwars.com/images/a/a8/Pious_Haste_%28large%29.jpg
  ✗ Pious Renewal
    https://wiki.guildwars.com/images/b/ba/Pious_Renewal_%28large%29.jpg
  ✗ Pious Restoration
    https://wiki.guildwars.com/images/1/13/Pious_Restoration_%28large%29.jpg
  ✗ Plague Sending
    https://wiki.guildwars.com/images/d/d0/Plague_Sending_%28large%29.jpg
  ✗ Plague Signet
    https://wiki.guildwars.com/images/d/dc/Plague_Signet_%28large%29.jpg
  ✗ Plague Touch
    https://wiki.guildwars.com/images/c/cf/Plague_Touch_%28large%29.jpg
  ✗ Point Blank Shot
    https://wiki.guildwars.com/images/a/a2/Point_Blank_Shot_%28large%29.jpg
  ✗ Poison Arrow
    https://wiki.guildwars.com/images/4/40/Poison_Arrow_%28large%29.jpg
  ✗ Poison Tip Signet
    https://wiki.guildwars.com/images/f/fe/Poison_Tip_Signet_%28large%29.jpg
  ✗ Poisoned Heart
    https://wiki.guildwars.com/images/a/ab/Poisoned_Heart_%28large%29.jpg
  ✗ Poisonous Bite
    https://wiki.guildwars.com/images/9/9a/Poisonous_Bite_%28large%29.jpg
  ✗ Pounce
    https://wiki.guildwars.com/images/f/fe/Pounce_%28large%29.jpg
  ✗ Power Attack
    https://wiki.guildwars.com/images/c/c6/Power_Attack_%28large%29.jpg
  ✗ Power Block
    https://wiki.guildwars.com/images/2/2e/Power_Block_%28large%29.jpg
  ✗ Power Drain
    https://wiki.guildwars.com/images/d/d0/Power_Drain_%28large%29.jpg
  ✗ Power Flux
    https://wiki.guildwars.com/images/2/22/Power_Flux_%28large%29.jpg
  ✗ Power Leak
    https://wiki.guildwars.com/images/d/dc/Power_Leak_%28large%29.jpg
  ✗ Power Leech
    https://wiki.guildwars.com/images/7/72/Power_Leech_%28large%29.jpg
  ✗ Power Lock
    https://wiki.guildwars.com/images/b/b2/Power_Lock_%28large%29.jpg
  ✗ Power Return
    https://wiki.guildwars.com/images/d/dc/Power_Return_%28large%29.jpg
  ✗ Power Shot
    https://wiki.guildwars.com/images/e/e4/Power_Shot_%28large%29.jpg
  ✗ Power Spike
    https://wiki.guildwars.com/images/9/92/Power_Spike_%28large%29.jpg
  ✗ Practiced Stance
    https://wiki.guildwars.com/images/d/d6/Practiced_Stance_%28large%29.jpg
  ✗ Precision Shot
    https://wiki.guildwars.com/images/a/a8/Precision_Shot_%28large%29.jpg
  ✗ Predator's Pounce
    https://wiki.guildwars.com/images/c/c0/Predator%27s_Pounce_%28large%29.jpg
  ✗ Predatory Bond
    https://wiki.guildwars.com/images/2/2f/Predatory_Bond_%28large%29.jpg
  ✗ Predatory Season
    https://wiki.guildwars.com/images/3/38/Predatory_Season_%28large%29.jpg
  ✗ Prepared Shot
    https://wiki.guildwars.com/images/d/d5/Prepared_Shot_%28large%29.jpg
  ✗ Preservation
    https://wiki.guildwars.com/images/9/98/Preservation_%28large%29.jpg
  ✗ Price of Failure
    https://wiki.guildwars.com/images/4/4d/Price_of_Failure_%28large%29.jpg
  ✗ Price of Pride
    https://wiki.guildwars.com/images/f/fd/Price_of_Pride_%28large%29.jpg
  ✗ Primal Echoes
    https://wiki.guildwars.com/images/1/16/Primal_Echoes_%28large%29.jpg
  ✗ Primal Rage
    https://wiki.guildwars.com/images/7/7f/Primal_Rage_%28large%29.jpg
  ✗ Protective Bond
    https://wiki.guildwars.com/images/9/9e/Protective_Bond_%28large%29.jpg
  ✗ Protective Spirit
    https://wiki.guildwars.com/images/9/99/Protective_Spirit_%28large%29.jpg
  ✗ Protective Was Kaolai
    https://wiki.guildwars.com/images/9/9a/Protective_Was_Kaolai_%28large%29.jpg
  ✗ Protector's Defense
    https://wiki.guildwars.com/images/8/8d/Protector%27s_Defense_%28large%29.jpg
  ✗ Protector's Strike
    https://wiki.guildwars.com/images/0/0b/Protector%27s_Strike_%28large%29.jpg
  ✗ Psychic Distraction
    https://wiki.guildwars.com/images/a/a7/Psychic_Distraction_%28large%29.jpg
  ✗ Psychic Instability
    https://wiki.guildwars.com/images/f/fe/Psychic_Instability_%28large%29.jpg
  ✗ Pulverizing Smash
    https://wiki.guildwars.com/images/0/04/Pulverizing_Smash_%28large%29.jpg
  ✗ Punishing Shot
    https://wiki.guildwars.com/images/d/d0/Punishing_Shot_%28large%29.jpg
  ✗ Pure Strike
    https://wiki.guildwars.com/images/6/62/Pure_Strike_%28large%29.jpg
  ✗ Pure Was Li Ming
    https://wiki.guildwars.com/images/6/64/Pure_Was_Li_Ming_%28large%29.jpg
  ✗ Purge Conditions
    https://wiki.guildwars.com/images/8/83/Purge_Conditions_%28large%29.jpg
  ✗ Purge Signet
    https://wiki.guildwars.com/images/c/c2/Purge_Signet_%28large%29.jpg
  ✗ Purifying Finale
    https://wiki.guildwars.com/images/1/1a/Purifying_Finale_%28large%29.jpg
  ✗ Purifying Veil
    https://wiki.guildwars.com/images/d/dd/Purifying_Veil_%28large%29.jpg
  ✗ Putrid Bile
    https://wiki.guildwars.com/images/0/0a/Putrid_Bile_%28large%29.jpg
  ✗ Putrid Explosion
    https://wiki.guildwars.com/images/6/60/Putrid_Explosion_%28large%29.jpg
  ✗ Putrid Flesh
    https://wiki.guildwars.com/images/3/36/Putrid_Flesh_%28large%29.jpg
  ✗ Quick Shot
    https://wiki.guildwars.com/images/a/af/Quick_Shot_%28large%29.jpg
  ✗ Quickening Zephyr
    https://wiki.guildwars.com/images/0/02/Quickening_Zephyr_%28large%29.jpg
  ✗ Quicksand
    https://wiki.guildwars.com/images/8/8b/Quicksand_%28large%29.jpg
  ✗ Quivering Blade
    https://wiki.guildwars.com/images/1/14/Quivering_Blade_%28large%29.jpg
  ✗ Radiant Scythe
    https://wiki.guildwars.com/images/a/a8/Radiant_Scythe_%28large%29.jpg
  ✗ Rage of the Ntouka
    https://wiki.guildwars.com/images/0/08/Rage_of_the_Ntouka_%28large%29.jpg
  ✗ Rampage as One
    https://wiki.guildwars.com/images/5/5a/Rampage_as_One_%28large%29.jpg
  ✗ Rapid Fire
    https://wiki.guildwars.com/images/b/b5/Rapid_Fire_%28large%29.jpg
  ✗ Ravenous Gaze
    https://wiki.guildwars.com/images/4/40/Ravenous_Gaze_%28large%29.jpg
  ✗ Ray of Judgment
    https://wiki.guildwars.com/images/a/a7/Ray_of_Judgment_%28large%29.jpg
  ✗ Read the Wind
    https://wiki.guildwars.com/images/8/8b/Read_the_Wind_%28large%29.jpg
  ✗ Reap Impurities
    https://wiki.guildwars.com/images/b/b9/Reap_Impurities_%28large%29.jpg
  ✗ Reaper's Mark
    https://wiki.guildwars.com/images/e/e2/Reaper%27s_Mark_%28large%29.jpg
  ✗ Reaper's Sweep
    https://wiki.guildwars.com/images/f/fa/Reaper%27s_Sweep_%28large%29.jpg
  ✗ Rebirth
    https://wiki.guildwars.com/images/9/9f/Rebirth_%28large%29.jpg
  ✗ Recall
    https://wiki.guildwars.com/images/f/ff/Recall_%28large%29.jpg
  ✗ Reckless Haste
    https://wiki.guildwars.com/images/d/d2/Reckless_Haste_%28large%29.jpg
  ✗ Reclaim Essence
    https://wiki.guildwars.com/images/d/d5/Reclaim_Essence_%28large%29.jpg
  ✗ Recovery
    https://wiki.guildwars.com/images/0/02/Recovery_%28large%29.jpg
  ✗ Recuperation
    https://wiki.guildwars.com/images/f/fc/Recuperation_%28large%29.jpg
  ✗ Recurring Insecurity
    https://wiki.guildwars.com/images/a/aa/Recurring_Insecurity_%28large%29.jpg
  ✗ Rejuvenation
    https://wiki.guildwars.com/images/b/b5/Rejuvenation_%28large%29.jpg
  ✗ Release Enchantments
    https://wiki.guildwars.com/images/6/66/Release_Enchantments_%28large%29.jpg
  ✗ Remedy Signet
    https://wiki.guildwars.com/images/5/5e/Remedy_Signet_%28large%29.jpg
  ✗ Remove Hex
    https://wiki.guildwars.com/images/b/b0/Remove_Hex_%28large%29.jpg
  ✗ Rend Enchantments
    https://wiki.guildwars.com/images/a/ac/Rend_Enchantments_%28large%29.jpg
  ✗ Rending Aura
    https://wiki.guildwars.com/images/3/31/Rending_Aura_%28large%29.jpg
  ✗ Rending Sweep
    https://wiki.guildwars.com/images/7/74/Rending_Sweep_%28large%29.jpg
  ✗ Rending Touch
    https://wiki.guildwars.com/images/8/8e/Rending_Touch_%28large%29.jpg
  ✗ Renew Life
    https://wiki.guildwars.com/images/4/46/Renew_Life_%28large%29.jpg
  ✗ Renewing Memories
    https://wiki.guildwars.com/images/8/8f/Renewing_Memories_%28large%29.jpg
  ✗ Renewing Smash
    https://wiki.guildwars.com/images/6/6a/Renewing_Smash_%28large%29.jpg
  ✗ Renewing Surge
    https://wiki.guildwars.com/images/9/90/Renewing_Surge_%28large%29.jpg
  ✗ Repeating Strike
    https://wiki.guildwars.com/images/2/2e/Repeating_Strike_%28large%29.jpg
  ✗ Resilient Was Xiko
    https://wiki.guildwars.com/images/4/4e/Resilient_Was_Xiko_%28large%29.jpg
  ✗ Resilient Weapon
    https://wiki.guildwars.com/images/a/ae/Resilient_Weapon_%28large%29.jpg
  ✗ Restful Breeze
    https://wiki.guildwars.com/images/0/06/Restful_Breeze_%28large%29.jpg
  ✗ Restoration
    https://wiki.guildwars.com/images/3/31/Restoration_%28large%29.jpg
  ✗ Restore Condition
    https://wiki.guildwars.com/images/9/9d/Restore_Condition_%28large%29.jpg
  ✗ Restore Life
    https://wiki.guildwars.com/images/8/8d/Restore_Life_%28large%29.jpg
  ✗ Resurrect
    https://wiki.guildwars.com/images/6/64/Resurrect_%28large%29.jpg
  ✗ Resurrection Chant
    https://wiki.guildwars.com/images/0/01/Resurrection_Chant_%28large%29.jpg
  ✗ Retribution
    https://wiki.guildwars.com/images/f/f0/Retribution_%28large%29.jpg
  ✗ Return
    https://wiki.guildwars.com/images/0/05/Return_%28large%29.jpg
  ✗ Revealed Enchantment
    https://wiki.guildwars.com/images/8/8f/Revealed_Enchantment_%28large%29.jpg
  ✗ Revealed Hex
    https://wiki.guildwars.com/images/4/40/Revealed_Hex_%28large%29.jpg
  ✗ Reversal of Damage
    https://wiki.guildwars.com/images/7/77/Reversal_of_Damage_%28large%29.jpg
  ✗ Reversal of Fortune
    https://wiki.guildwars.com/images/5/5c/Reversal_of_Fortune_%28large%29.jpg
  ✗ Reverse Hex
    https://wiki.guildwars.com/images/2/27/Reverse_Hex_%28large%29.jpg
  ✗ Revive Animal
    https://wiki.guildwars.com/images/0/07/Revive_Animal_%28large%29.jpg
  ✗ Ride the Lightning
    https://wiki.guildwars.com/images/b/b8/Ride_the_Lightning_%28large%29.jpg
  ✗ Rigor Mortis
    https://wiki.guildwars.com/images/2/21/Rigor_Mortis_%28large%29.jpg
  ✗ Rip Enchantment
    https://wiki.guildwars.com/images/e/ed/Rip_Enchantment_%28large%29.jpg
  ✗ Riposte
    https://wiki.guildwars.com/images/0/05/Riposte_%28large%29.jpg
  ✗ Rising Bile
    https://wiki.guildwars.com/images/1/11/Rising_Bile_%28large%29.jpg
  ✗ Ritual Lord
    https://wiki.guildwars.com/images/0/0d/Ritual_Lord_%28large%29.jpg
  ✗ Roaring Winds
    https://wiki.guildwars.com/images/d/da/Roaring_Winds_%28large%29.jpg
  ✗ Rodgort's Invocation
    https://wiki.guildwars.com/images/2/2c/Rodgort%27s_Invocation_%28large%29.jpg
  ✗ Rotting Flesh
    https://wiki.guildwars.com/images/0/07/Rotting_Flesh_%28large%29.jpg
  ✗ Run as One
    https://wiki.guildwars.com/images/8/83/Run_as_One_%28large%29.jpg
  ✗ Rupture Soul
    https://wiki.guildwars.com/images/c/c7/Rupture_Soul_%28large%29.jpg
  ✗ Rush
    https://wiki.guildwars.com/images/0/05/Rush_%28large%29.jpg
  ✗ Rust
    https://wiki.guildwars.com/images/d/d2/Rust_%28large%29.jpg
  ✗ Sadist's Signet
    https://wiki.guildwars.com/images/4/49/Sadist%27s_Signet_%28large%29.jpg
  ✗ Sand Shards
    https://wiki.guildwars.com/images/5/5c/Sand_Shards_%28large%29.jpg
  ✗ Sandstorm
    https://wiki.guildwars.com/images/7/76/Sandstorm_%28large%29.jpg
  ✗ Savage Pounce
    https://wiki.guildwars.com/images/d/d6/Savage_Pounce_%28large%29.jpg
  ✗ Savage Shot
    https://wiki.guildwars.com/images/2/28/Savage_Shot_%28large%29.jpg
  ✗ Savage Slash
    https://wiki.guildwars.com/images/c/cb/Savage_Slash_%28large%29.jpg
  ✗ Savannah Heat
    https://wiki.guildwars.com/images/9/9e/Savannah_Heat_%28large%29.jpg
  ✗ Scavenger Strike
    https://wiki.guildwars.com/images/f/ff/Scavenger_Strike_%28large%29.jpg
  ✗ Scavenger's Focus
    https://wiki.guildwars.com/images/7/7f/Scavenger%27s_Focus_%28large%29.jpg
  ✗ Scorpion Wire
    https://wiki.guildwars.com/images/f/f1/Scorpion_Wire_%28large%29.jpg
  ✗ Scourge Enchantment
    https://wiki.guildwars.com/images/5/55/Scourge_Enchantment_%28large%29.jpg
  ✗ Scourge Healing
    https://wiki.guildwars.com/images/3/31/Scourge_Healing_%28large%29.jpg
  ✗ Scourge Sacrifice
    https://wiki.guildwars.com/images/0/08/Scourge_Sacrifice_%28large%29.jpg
  ✗ Screaming Shot
    https://wiki.guildwars.com/images/b/bf/Screaming_Shot_%28large%29.jpg
  ✗ Scribe's Insight
    https://wiki.guildwars.com/images/d/d1/Scribe%27s_Insight_%28large%29.jpg
  ✗ Searing Flames
    https://wiki.guildwars.com/images/3/3a/Searing_Flames_%28large%29.jpg
  ✗ Searing Heat
    https://wiki.guildwars.com/images/5/57/Searing_Heat_%28large%29.jpg
  ✗ Second Wind
    https://wiki.guildwars.com/images/8/81/Second_Wind_%28large%29.jpg
  ✗ Seeking Arrows
    https://wiki.guildwars.com/images/8/83/Seeking_Arrows_%28large%29.jpg
  ✗ Seeking Blade
    https://wiki.guildwars.com/images/9/9b/Seeking_Blade_%28large%29.jpg
  ✗ Seeping Wound
    https://wiki.guildwars.com/images/f/f7/Seeping_Wound_%28large%29.jpg
  ✗ Serpent's Quickness
    https://wiki.guildwars.com/images/8/8d/Serpent%27s_Quickness_%28large%29.jpg
  ✗ Sever Artery
    https://wiki.guildwars.com/images/8/83/Sever_Artery_%28large%29.jpg
  ✗ Shadow Fang
    https://wiki.guildwars.com/images/9/9b/Shadow_Fang_%28large%29.jpg
  ✗ Shadow Form
    https://wiki.guildwars.com/images/d/d8/Shadow_Form_%28large%29.jpg
  ✗ Shadow Meld
    https://wiki.guildwars.com/images/0/09/Shadow_Meld_%28large%29.jpg
  ✗ Shadow Prison
    https://wiki.guildwars.com/images/c/c2/Shadow_Prison_%28large%29.jpg
  ✗ Shadow Refuge
    https://wiki.guildwars.com/images/d/d1/Shadow_Refuge_%28large%29.jpg
  ✗ Shadow Shroud
    https://wiki.guildwars.com/images/7/7d/Shadow_Shroud_%28large%29.jpg
  ✗ Shadow Strike
    https://wiki.guildwars.com/images/1/1a/Shadow_Strike_%28large%29.jpg
  ✗ Shadow Walk
    https://wiki.guildwars.com/images/1/1e/Shadow_Walk_%28large%29.jpg
  ✗ Shadow of Fear
    https://wiki.guildwars.com/images/5/53/Shadow_of_Fear_%28large%29.jpg
  ✗ Shadow of Haste
    https://wiki.guildwars.com/images/a/a6/Shadow_of_Haste_%28large%29.jpg
  ✗ Shadowsong
    https://wiki.guildwars.com/images/1/18/Shadowsong_%28large%29.jpg
  ✗ Shadowy Burden
    https://wiki.guildwars.com/images/6/6b/Shadowy_Burden_%28large%29.jpg
  ✗ Shame
    https://wiki.guildwars.com/images/a/a6/Shame_%28large%29.jpg
  ✗ Shameful Fear
    https://wiki.guildwars.com/images/8/8c/Shameful_Fear_%28large%29.jpg
  ✗ Shard Storm
    https://wiki.guildwars.com/images/c/c2/Shard_Storm_%28large%29.jpg
  ✗ Shared Burden
    https://wiki.guildwars.com/images/4/48/Shared_Burden_%28large%29.jpg
  ✗ Sharpen Daggers
    https://wiki.guildwars.com/images/5/56/Sharpen_Daggers_%28large%29.jpg
  ✗ Shatter Delusions
    https://wiki.guildwars.com/images/d/d1/Shatter_Delusions_%28large%29.jpg
  ✗ Shatter Enchantment
    https://wiki.guildwars.com/images/1/19/Shatter_Enchantment_%28large%29.jpg
  ✗ Shatter Hex
    https://wiki.guildwars.com/images/3/3f/Shatter_Hex_%28large%29.jpg
  ✗ Shatter Storm
    https://wiki.guildwars.com/images/9/93/Shatter_Storm_%28large%29.jpg
  ✗ Shattering Assault
    https://wiki.guildwars.com/images/b/bc/Shattering_Assault_%28large%29.jpg
  ✗ Shatterstone
    https://wiki.guildwars.com/images/5/58/Shatterstone_%28large%29.jpg
  ✗ Shell Shock
    https://wiki.guildwars.com/images/0/01/Shell_Shock_%28large%29.jpg
  ✗ Shelter
    https://wiki.guildwars.com/images/7/77/Shelter_%28large%29.jpg
  ✗ Shield Bash
    https://wiki.guildwars.com/images/8/8c/Shield_Bash_%28large%29.jpg
  ✗ Shield Guardian
    https://wiki.guildwars.com/images/f/ff/Shield_Guardian_%28large%29.jpg
  ✗ Shield Stance
    https://wiki.guildwars.com/images/4/41/Shield_Stance_%28large%29.jpg
  ✗ Shield of Absorption
    https://wiki.guildwars.com/images/3/3f/Shield_of_Absorption_%28large%29.jpg
  ✗ Shield of Deflection
    https://wiki.guildwars.com/images/1/1e/Shield_of_Deflection_%28large%29.jpg
  ✗ Shield of Force
    https://wiki.guildwars.com/images/f/fe/Shield_of_Force_%28large%29.jpg
  ✗ Shield of Judgment
    https://wiki.guildwars.com/images/9/93/Shield_of_Judgment_%28large%29.jpg
  ✗ Shield of Regeneration
    https://wiki.guildwars.com/images/c/c3/Shield_of_Regeneration_%28large%29.jpg
  ✗ Shielding Hands
    https://wiki.guildwars.com/images/c/c6/Shielding_Hands_%28large%29.jpg
  ✗ Shivers of Dread
    https://wiki.guildwars.com/images/6/6a/Shivers_of_Dread_%28large%29.jpg
  ✗ Shock
    https://wiki.guildwars.com/images/8/8a/Shock_%28large%29.jpg
  ✗ Shock Arrow
    https://wiki.guildwars.com/images/b/bc/Shock_Arrow_%28large%29.jpg
  ✗ Shockwave
    https://wiki.guildwars.com/images/4/46/Shockwave_%28large%29.jpg
  ✗ Shove
    https://wiki.guildwars.com/images/0/01/Shove_%28large%29.jpg
  ✗ Shrinking Armor
    https://wiki.guildwars.com/images/7/7f/Shrinking_Armor_%28large%29.jpg
  ✗ Shroud of Distress
    https://wiki.guildwars.com/images/2/20/Shroud_of_Distress_%28large%29.jpg
  ✗ Shroud of Silence
    https://wiki.guildwars.com/images/8/87/Shroud_of_Silence_%28large%29.jpg
  ✗ Sight Beyond Sight
    https://wiki.guildwars.com/images/a/af/Sight_Beyond_Sight_%28large%29.jpg
  ✗ Signet of Aggression
    https://wiki.guildwars.com/images/a/a6/Signet_of_Aggression_%28large%29.jpg
  ✗ Signet of Agony
    https://wiki.guildwars.com/images/7/7e/Signet_of_Agony_%28large%29.jpg
  ✗ Signet of Binding
    https://wiki.guildwars.com/images/f/fd/Signet_of_Binding_%28large%29.jpg
  ✗ Signet of Clumsiness
    https://wiki.guildwars.com/images/1/14/Signet_of_Clumsiness_%28large%29.jpg
  ✗ Signet of Creation
    https://wiki.guildwars.com/images/1/14/Signet_of_Creation_%28large%29.jpg
  ✗ Signet of Deadly Corruption
    https://wiki.guildwars.com/images/4/49/Signet_of_Deadly_Corruption_%28large%29.jpg
  ✗ Signet of Devotion
    https://wiki.guildwars.com/images/c/c0/Signet_of_Devotion_%28large%29.jpg
  ✗ Signet of Disenchantment
    https://wiki.guildwars.com/images/7/76/Signet_of_Disenchantment_%28large%29.jpg
  ✗ Signet of Disruption
    https://wiki.guildwars.com/images/c/c0/Signet_of_Disruption_%28large%29.jpg
  ✗ Signet of Distraction
    https://wiki.guildwars.com/images/d/d5/Signet_of_Distraction_%28large%29.jpg
  ✗ Signet of Ghostly Might
    https://wiki.guildwars.com/images/1/18/Signet_of_Ghostly_Might_%28large%29.jpg
  ✗ Signet of Humility
    https://wiki.guildwars.com/images/5/56/Signet_of_Humility_%28large%29.jpg
  ✗ Signet of Illusions
    https://wiki.guildwars.com/images/b/bf/Signet_of_Illusions_%28large%29.jpg
  ✗ Signet of Judgment
    https://wiki.guildwars.com/images/f/f4/Signet_of_Judgment_%28large%29.jpg
  ✗ Signet of Lost Souls
    https://wiki.guildwars.com/images/f/f7/Signet_of_Lost_Souls_%28large%29.jpg
  ✗ Signet of Malice
    https://wiki.guildwars.com/images/8/80/Signet_of_Malice_%28large%29.jpg
  ✗ Signet of Midnight
    https://wiki.guildwars.com/images/e/e2/Signet_of_Midnight_%28large%29.jpg
  ✗ Signet of Mystic Speed
    https://wiki.guildwars.com/images/5/5b/Signet_of_Mystic_Speed_%28large%29.jpg
  ✗ Signet of Mystic Wrath
    https://wiki.guildwars.com/images/f/fe/Signet_of_Mystic_Wrath_%28large%29.jpg
  ✗ Signet of Pious Light
    https://wiki.guildwars.com/images/7/7f/Signet_of_Pious_Light_%28large%29.jpg
  ✗ Signet of Pious Restraint
    https://wiki.guildwars.com/images/2/2c/Signet_of_Pious_Restraint_%28large%29.jpg
  ✗ Signet of Rage
    https://wiki.guildwars.com/images/1/1a/Signet_of_Rage_%28large%29.jpg
  ✗ Signet of Recall
    https://wiki.guildwars.com/images/a/a5/Signet_of_Recall_%28large%29.jpg
  ✗ Signet of Rejuvenation
    https://wiki.guildwars.com/images/b/bf/Signet_of_Rejuvenation_%28large%29.jpg
  ✗ Signet of Removal
    https://wiki.guildwars.com/images/c/c0/Signet_of_Removal_%28large%29.jpg
  ✗ Signet of Return
    https://wiki.guildwars.com/images/f/f9/Signet_of_Return_%28large%29.jpg
  ✗ Signet of Shadows
    https://wiki.guildwars.com/images/e/e2/Signet_of_Shadows_%28large%29.jpg
  ✗ Signet of Sorrow
    https://wiki.guildwars.com/images/9/98/Signet_of_Sorrow_%28large%29.jpg
  ✗ Signet of Spirits
    https://wiki.guildwars.com/images/9/91/Signet_of_Spirits_%28large%29.jpg
  ✗ Signet of Stamina
    https://wiki.guildwars.com/images/9/9b/Signet_of_Stamina_%28large%29.jpg
  ✗ Signet of Strength
    https://wiki.guildwars.com/images/d/d1/Signet_of_Strength_%28large%29.jpg
  ✗ Signet of Suffering
    https://wiki.guildwars.com/images/0/00/Signet_of_Suffering_%28large%29.jpg
  ✗ Signet of Synergy
    https://wiki.guildwars.com/images/d/dc/Signet_of_Synergy_%28large%29.jpg
  ✗ Signet of Toxic Shock
    https://wiki.guildwars.com/images/4/4f/Signet_of_Toxic_Shock_%28large%29.jpg
  ✗ Signet of Twilight
    https://wiki.guildwars.com/images/c/cd/Signet_of_Twilight_%28large%29.jpg
  ✗ Signet of Weariness
    https://wiki.guildwars.com/images/2/20/Signet_of_Weariness_%28large%29.jpg
  ✗ Silverwing Slash
    https://wiki.guildwars.com/images/f/f9/Silverwing_Slash_%28large%29.jpg
  ✗ Simple Thievery
    https://wiki.guildwars.com/images/7/7a/Simple_Thievery_%28large%29.jpg
  ✗ Siphon Speed
    https://wiki.guildwars.com/images/f/f9/Siphon_Speed_%28large%29.jpg
  ✗ Siphon Strength
    https://wiki.guildwars.com/images/b/b5/Siphon_Strength_%28large%29.jpg
  ✗ Skull Crack
    https://wiki.guildwars.com/images/b/b5/Skull_Crack_%28large%29.jpg
  ✗ Slayer's Spear
    https://wiki.guildwars.com/images/7/74/Slayer%27s_Spear_%28large%29.jpg
  ✗ Slippery Ground
    https://wiki.guildwars.com/images/5/5d/Slippery_Ground_%28large%29.jpg
  ✗ Sliver Armor
    https://wiki.guildwars.com/images/a/ae/Sliver_Armor_%28large%29.jpg
  ✗ Sloth Hunter's Shot
    https://wiki.guildwars.com/images/f/f7/Sloth_Hunter%27s_Shot_%28large%29.jpg
  ✗ Smite
    https://wiki.guildwars.com/images/1/1d/Smite_%28large%29.jpg
  ✗ Smite Condition
    https://wiki.guildwars.com/images/3/30/Smite_Condition_%28large%29.jpg
  ✗ Smite Hex
    https://wiki.guildwars.com/images/8/83/Smite_Hex_%28large%29.jpg
  ✗ Smiter's Boon
    https://wiki.guildwars.com/images/c/c9/Smiter%27s_Boon_%28large%29.jpg
  ✗ Smoke Powder Defense
    https://wiki.guildwars.com/images/2/29/Smoke_Powder_Defense_%28large%29.jpg
  ✗ Smoke Trap
    https://wiki.guildwars.com/images/1/18/Smoke_Trap_%28large%29.jpg
  ✗ Smoldering Embers
    https://wiki.guildwars.com/images/d/de/Smoldering_Embers_%28large%29.jpg
  ✗ Snare
    https://wiki.guildwars.com/images/6/67/Snare_%28large%29.jpg
  ✗ Soldier's Defense
    https://wiki.guildwars.com/images/c/cd/Soldier%27s_Defense_%28large%29.jpg
  ✗ Soldier's Fury
    https://wiki.guildwars.com/images/6/68/Soldier%27s_Fury_%28large%29.jpg
  ✗ Soldier's Speed
    https://wiki.guildwars.com/images/e/e6/Soldier%27s_Speed_%28large%29.jpg
  ✗ Soldier's Stance
    https://wiki.guildwars.com/images/2/2d/Soldier%27s_Stance_%28large%29.jpg
  ✗ Soldier's Strike
    https://wiki.guildwars.com/images/6/67/Soldier%27s_Strike_%28large%29.jpg
  ✗ Song of Concentration
    https://wiki.guildwars.com/images/8/85/Song_of_Concentration_%28large%29.jpg
  ✗ Song of Power
    https://wiki.guildwars.com/images/3/36/Song_of_Power_%28large%29.jpg
  ✗ Song of Purification
    https://wiki.guildwars.com/images/5/5f/Song_of_Purification_%28large%29.jpg
  ✗ Song of Restoration
    https://wiki.guildwars.com/images/e/e2/Song_of_Restoration_%28large%29.jpg
  ✗ Soothing
    https://wiki.guildwars.com/images/6/6b/Soothing_%28large%29.jpg
  ✗ Soothing Images
    https://wiki.guildwars.com/images/d/d2/Soothing_Images_%28large%29.jpg
  ✗ Soothing Memories
    https://wiki.guildwars.com/images/9/9e/Soothing_Memories_%28large%29.jpg
  ✗ Soul Barbs
    https://wiki.guildwars.com/images/5/5c/Soul_Barbs_%28large%29.jpg
  ✗ Soul Bind
    https://wiki.guildwars.com/images/d/de/Soul_Bind_%28large%29.jpg
  ✗ Soul Feast
    https://wiki.guildwars.com/images/f/f4/Soul_Feast_%28large%29.jpg
  ✗ Soul Leech
    https://wiki.guildwars.com/images/4/4b/Soul_Leech_%28large%29.jpg
  ✗ Soul Twisting
    https://wiki.guildwars.com/images/1/18/Soul_Twisting_%28large%29.jpg
  ✗ Spear Swipe
    https://wiki.guildwars.com/images/c/c9/Spear_Swipe_%28large%29.jpg
  ✗ Spear of Light
    https://wiki.guildwars.com/images/9/91/Spear_of_Light_%28large%29.jpg
  ✗ Spear of Lightning
    https://wiki.guildwars.com/images/c/c9/Spear_of_Lightning_%28large%29.jpg
  ✗ Spear of Redemption
    https://wiki.guildwars.com/images/d/d4/Spear_of_Redemption_%28large%29.jpg
  ✗ Spell Breaker
    https://wiki.guildwars.com/images/0/0a/Spell_Breaker_%28large%29.jpg
  ✗ Spell Shield
    https://wiki.guildwars.com/images/3/39/Spell_Shield_%28large%29.jpg
  ✗ Spike Trap
    https://wiki.guildwars.com/images/5/5c/Spike_Trap_%28large%29.jpg
  ✗ Spinal Shivers
    https://wiki.guildwars.com/images/e/ef/Spinal_Shivers_%28large%29.jpg
  ✗ Spirit Bond
    https://wiki.guildwars.com/images/3/31/Spirit_Bond_%28large%29.jpg
  ✗ Spirit Boon Strike
    https://wiki.guildwars.com/images/e/ef/Spirit_Boon_Strike_%28large%29.jpg
  ✗ Spirit Burn
    https://wiki.guildwars.com/images/8/89/Spirit_Burn_%28large%29.jpg
  ✗ Spirit Channeling
    https://wiki.guildwars.com/images/e/ea/Spirit_Channeling_%28large%29.jpg
  ✗ Spirit Light
    https://wiki.guildwars.com/images/f/fa/Spirit_Light_%28large%29.jpg
  ✗ Spirit Light Weapon
    https://wiki.guildwars.com/images/8/8c/Spirit_Light_Weapon_%28large%29.jpg
  ✗ Spirit Rift
    https://wiki.guildwars.com/images/5/55/Spirit_Rift_%28large%29.jpg
  ✗ Spirit Shackles
    https://wiki.guildwars.com/images/0/00/Spirit_Shackles_%28large%29.jpg
  ✗ Spirit Siphon
    https://wiki.guildwars.com/images/d/d3/Spirit_Siphon_%28large%29.jpg
  ✗ Spirit Transfer
    https://wiki.guildwars.com/images/8/8f/Spirit_Transfer_%28large%29.jpg
  ✗ Spirit Walk
    https://wiki.guildwars.com/images/d/de/Spirit_Walk_%28large%29.jpg
  ✗ Spirit of Failure
    https://wiki.guildwars.com/images/2/22/Spirit_of_Failure_%28large%29.jpg
  ✗ Spirit to Flesh
    https://wiki.guildwars.com/images/1/12/Spirit_to_Flesh_%28large%29.jpg
  ✗ Spirit's Gift
    https://wiki.guildwars.com/images/e/ef/Spirit%27s_Gift_%28large%29.jpg
  ✗ Spirit's Strength
    https://wiki.guildwars.com/images/8/84/Spirit%27s_Strength_%28large%29.jpg
  ✗ Spiritleech Aura
    https://wiki.guildwars.com/images/5/58/Spiritleech_Aura_%28large%29.jpg
  ✗ Spiritual Pain
    https://wiki.guildwars.com/images/d/d8/Spiritual_Pain_%28large%29.jpg
  ✗ Spiteful Spirit
    https://wiki.guildwars.com/images/3/37/Spiteful_Spirit_%28large%29.jpg
  ✗ Splinter Shot
    https://wiki.guildwars.com/images/d/dc/Splinter_Shot_%28large%29.jpg
  ✗ Splinter Weapon
    https://wiki.guildwars.com/images/3/3d/Splinter_Weapon_%28large%29.jpg
  ✗ Spoil Victor
    https://wiki.guildwars.com/images/8/89/Spoil_Victor_%28large%29.jpg
  ✗ Spotless Mind
    https://wiki.guildwars.com/images/d/d0/Spotless_Mind_%28large%29.jpg
  ✗ Spotless Soul
    https://wiki.guildwars.com/images/c/c8/Spotless_Soul_%28large%29.jpg
  ✗ Sprint
    https://wiki.guildwars.com/images/6/64/Sprint_%28large%29.jpg
  ✗ Staggering Blow
    https://wiki.guildwars.com/images/b/b9/Staggering_Blow_%28large%29.jpg
  ✗ Staggering Force
    https://wiki.guildwars.com/images/e/e7/Staggering_Force_%28large%29.jpg
  ✗ Standing Slash
    https://wiki.guildwars.com/images/3/3a/Standing_Slash_%28large%29.jpg
  ✗ Star Burst
    https://wiki.guildwars.com/images/7/75/Star_Burst_%28large%29.jpg
  ✗ Steady Stance
    https://wiki.guildwars.com/images/d/d7/Steady_Stance_%28large%29.jpg
  ✗ Steam
    https://wiki.guildwars.com/images/a/a9/Steam_%28large%29.jpg
  ✗ Steelfang Slash
    https://wiki.guildwars.com/images/7/75/Steelfang_Slash_%28large%29.jpg
  ✗ Stolen Speed
    https://wiki.guildwars.com/images/9/9e/Stolen_Speed_%28large%29.jpg
  ✗ Stone Daggers
    https://wiki.guildwars.com/images/7/7d/Stone_Daggers_%28large%29.jpg
  ✗ Stone Sheath
    https://wiki.guildwars.com/images/4/41/Stone_Sheath_%28large%29.jpg
  ✗ Stone Striker
    https://wiki.guildwars.com/images/3/32/Stone_Striker_%28large%29.jpg
  ✗ Stoneflesh Aura
    https://wiki.guildwars.com/images/e/e3/Stoneflesh_Aura_%28large%29.jpg
  ✗ Stonesoul Strike
    https://wiki.guildwars.com/images/0/05/Stonesoul_Strike_%28large%29.jpg
  ✗ Stoning
    https://wiki.guildwars.com/images/8/8d/Stoning_%28large%29.jpg
  ✗ Storm Chaser
    https://wiki.guildwars.com/images/1/15/Storm_Chaser_%28large%29.jpg
  ✗ Storm Djinn's Haste
    https://wiki.guildwars.com/images/8/81/Storm_Djinn%27s_Haste_%28large%29.jpg
  ✗ Storm's Embrace
    https://wiki.guildwars.com/images/0/04/Storm%27s_Embrace_%28large%29.jpg
  ✗ Strength of Honor
    https://wiki.guildwars.com/images/c/c2/Strength_of_Honor_%28large%29.jpg
  ✗ Strike as One
    https://wiki.guildwars.com/images/7/73/Strike_as_One_%28large%29.jpg
  ✗ Strip Enchantment
    https://wiki.guildwars.com/images/c/c5/Strip_Enchantment_%28large%29.jpg
  ✗ Stunning Strike
    https://wiki.guildwars.com/images/1/1f/Stunning_Strike_%28large%29.jpg
  ✗ Succor
    https://wiki.guildwars.com/images/b/b3/Succor_%28large%29.jpg
  ✗ Suffering
    https://wiki.guildwars.com/images/6/6b/Suffering_%28large%29.jpg
  ✗ Sum of All Fears
    https://wiki.guildwars.com/images/a/af/Sum_of_All_Fears_%28large%29.jpg
  ✗ Sun and Moon Slash
    https://wiki.guildwars.com/images/4/4c/Sun_and_Moon_Slash_%28large%29.jpg
  ✗ Sundering Attack
    https://wiki.guildwars.com/images/1/12/Sundering_Attack_%28large%29.jpg
  ✗ Sundering Weapon
    https://wiki.guildwars.com/images/6/6d/Sundering_Weapon_%28large%29.jpg
  ✗ Supportive Spirit
    https://wiki.guildwars.com/images/b/b1/Supportive_Spirit_%28large%29.jpg
  ✗ Swap
    https://wiki.guildwars.com/images/c/cb/Swap_%28large%29.jpg
  ✗ Swift Chop
    https://wiki.guildwars.com/images/f/f1/Swift_Chop_%28large%29.jpg
  ✗ Swift Javelin
    https://wiki.guildwars.com/images/8/82/Swift_Javelin_%28large%29.jpg
  ✗ Swirling Aura
    https://wiki.guildwars.com/images/0/03/Swirling_Aura_%28large%29.jpg
  ✗ Symbiosis
    https://wiki.guildwars.com/images/5/5b/Symbiosis_%28large%29.jpg
  ✗ Symbiotic Bond
    https://wiki.guildwars.com/images/8/8c/Symbiotic_Bond_%28large%29.jpg
  ✗ Symbol of Wrath
    https://wiki.guildwars.com/images/2/2b/Symbol_of_Wrath_%28large%29.jpg
  ✗ Symbolic Celerity
    https://wiki.guildwars.com/images/c/c5/Symbolic_Celerity_%28large%29.jpg
  ✗ Symbolic Posture
    https://wiki.guildwars.com/images/7/75/Symbolic_Posture_%28large%29.jpg
  ✗ Symbolic Strike
    https://wiki.guildwars.com/images/0/09/Symbolic_Strike_%28large%29.jpg
  ✗ Symbols of Inspiration
    https://wiki.guildwars.com/images/a/a7/Symbols_of_Inspiration_%28large%29.jpg
  ✗ Sympathetic Visage
    https://wiki.guildwars.com/images/8/86/Sympathetic_Visage_%28large%29.jpg
  ✗ Tainted Flesh
    https://wiki.guildwars.com/images/6/69/Tainted_Flesh_%28large%29.jpg
  ✗ Taste of Death
    https://wiki.guildwars.com/images/b/b2/Taste_of_Death_%28large%29.jpg
  ✗ Taste of Pain
    https://wiki.guildwars.com/images/4/45/Taste_of_Pain_%28large%29.jpg
  ✗ Tease
    https://wiki.guildwars.com/images/8/82/Tease_%28large%29.jpg
  ✗ Teinai's Crystals
    https://wiki.guildwars.com/images/8/88/Teinai%27s_Crystals_%28large%29.jpg
  ✗ Teinai's Heat
    https://wiki.guildwars.com/images/a/a2/Teinai%27s_Heat_%28large%29.jpg
  ✗ Teinai's Prison
    https://wiki.guildwars.com/images/a/aa/Teinai%27s_Prison_%28large%29.jpg
  ✗ Teinai's Wind
    https://wiki.guildwars.com/images/d/d4/Teinai%27s_Wind_%28large%29.jpg
  ✗ Temple Strike
    https://wiki.guildwars.com/images/8/8f/Temple_Strike_%28large%29.jpg
  ✗ Test of Faith
    https://wiki.guildwars.com/images/8/8f/Test_of_Faith_%28large%29.jpg
  ✗ Thrill of Victory
    https://wiki.guildwars.com/images/6/62/Thrill_of_Victory_%28large%29.jpg
  ✗ Throw Dirt
    https://wiki.guildwars.com/images/d/da/Throw_Dirt_%28large%29.jpg
  ✗ Thunderclap
    https://wiki.guildwars.com/images/f/f8/Thunderclap_%28large%29.jpg
  ✗ Tiger Stance
    https://wiki.guildwars.com/images/1/1c/Tiger_Stance_%28large%29.jpg
  ✗ Tiger's Fury
    https://wiki.guildwars.com/images/5/5a/Bestial_Fury_%28large%29.jpg
  ✗ To the Limit!
    https://wiki.guildwars.com/images/d/db/To_the_Limit%21_%28large%29.jpg
  ✗ Touch of Agony
    https://wiki.guildwars.com/images/9/9a/Touch_of_Agony_%28large%29.jpg
  ✗ Toxic Chill
    https://wiki.guildwars.com/images/3/3c/Toxic_Chill_%28large%29.jpg
  ✗ Toxicity
    https://wiki.guildwars.com/images/c/c3/Toxicity_%28large%29.jpg
  ✗ Trampling Ox
    https://wiki.guildwars.com/images/f/f7/Trampling_Ox_%28large%29.jpg
  ✗ Tranquil Was Tanasen
    https://wiki.guildwars.com/images/e/e8/Tranquil_Was_Tanasen_%28large%29.jpg
  ✗ Tranquility
    https://wiki.guildwars.com/images/5/55/Tranquility_%28large%29.jpg
  ✗ Trapper's Focus
    https://wiki.guildwars.com/images/3/3d/Trapper%27s_Focus_%28large%29.jpg
  ✗ Trapper's Speed
    https://wiki.guildwars.com/images/1/1c/Trapper%27s_Speed_%28large%29.jpg
  ✗ Triple Chop
    https://wiki.guildwars.com/images/0/0e/Triple_Chop_%28large%29.jpg
  ✗ Tripwire
    https://wiki.guildwars.com/images/d/d2/Tripwire_%28large%29.jpg
  ✗ Troll Unguent
    https://wiki.guildwars.com/images/d/d3/Troll_Unguent_%28large%29.jpg
  ✗ Twin Moon Sweep
    https://wiki.guildwars.com/images/2/2a/Twin_Moon_Sweep_%28large%29.jpg
  ✗ Twisting Fangs
    https://wiki.guildwars.com/images/9/9e/Twisting_Fangs_%28large%29.jpg
  ✗ Ulcerous Lungs
    https://wiki.guildwars.com/images/f/f7/Ulcerous_Lungs_%28large%29.jpg
  ✗ Unblockable Throw
    https://wiki.guildwars.com/images/5/55/Unblockable_Throw_%28large%29.jpg
  ✗ Unholy Feast
    https://wiki.guildwars.com/images/e/e1/Unholy_Feast_%28large%29.jpg
  ✗ Union
    https://wiki.guildwars.com/images/b/b7/Union_%28large%29.jpg
  ✗ Unnatural Signet
    https://wiki.guildwars.com/images/c/cd/Unnatural_Signet_%28large%29.jpg
  ✗ Unseen Fury
    https://wiki.guildwars.com/images/0/0c/Unseen_Fury_%28large%29.jpg
  ✗ Unsteady Ground
    https://wiki.guildwars.com/images/a/a0/Unsteady_Ground_%28large%29.jpg
  ✗ Unsuspecting Strike
    https://wiki.guildwars.com/images/7/71/Unsuspecting_Strike_%28large%29.jpg
  ✗ Unyielding Aura
    https://wiki.guildwars.com/images/e/e7/Unyielding_Aura_%28large%29.jpg
  ✗ Vampiric Assault
    https://wiki.guildwars.com/images/d/dc/Vampiric_Assault_%28large%29.jpg
  ✗ Vampiric Bite
    https://wiki.guildwars.com/images/6/68/Vampiric_Bite_%28large%29.jpg
  ✗ Vampiric Gaze
    https://wiki.guildwars.com/images/e/e2/Vampiric_Gaze_%28large%29.jpg
  ✗ Vampiric Spirit
    https://wiki.guildwars.com/images/7/78/Vampiric_Spirit_%28large%29.jpg
  ✗ Vampiric Swarm
    https://wiki.guildwars.com/images/0/03/Vampiric_Swarm_%28large%29.jpg
  ✗ Vampiric Touch
    https://wiki.guildwars.com/images/7/75/Vampiric_Touch_%28large%29.jpg
  ✗ Vapor Blade
    https://wiki.guildwars.com/images/1/16/Vapor_Blade_%28large%29.jpg
  ✗ Veil of Thorns
    https://wiki.guildwars.com/images/8/8e/Veil_of_Thorns_%28large%29.jpg
  ✗ Vengeance
    https://wiki.guildwars.com/images/c/c1/Vengeance_%28large%29.jpg
  ✗ Vengeful Was Khanhei
    https://wiki.guildwars.com/images/d/de/Vengeful_Was_Khanhei_%28large%29.jpg
  ✗ Vengeful Weapon
    https://wiki.guildwars.com/images/4/4e/Vengeful_Weapon_%28large%29.jpg
  ✗ Verata's Aura
    https://wiki.guildwars.com/images/f/fc/Verata%27s_Aura_%28large%29.jpg
  ✗ Verata's Gaze
    https://wiki.guildwars.com/images/2/2c/Verata%27s_Gaze_%28large%29.jpg
  ✗ Verata's Sacrifice
    https://wiki.guildwars.com/images/7/7d/Verata%27s_Sacrifice_%28large%29.jpg
  ✗ Vicious Attack
    https://wiki.guildwars.com/images/1/1e/Vicious_Attack_%28large%29.jpg
  ✗ Victorious Sweep
    https://wiki.guildwars.com/images/0/09/Victorious_Sweep_%28large%29.jpg
  ✗ Victory is Mine!
    https://wiki.guildwars.com/images/0/09/Victory_is_Mine%21_%28large%29.jpg
  ✗ Vigorous Spirit
    https://wiki.guildwars.com/images/1/15/Vigorous_Spirit_%28large%29.jpg
  ✗ Vile Miasma
    https://wiki.guildwars.com/images/b/b0/Vile_Miasma_%28large%29.jpg
  ✗ Vile Touch
    https://wiki.guildwars.com/images/8/81/Vile_Touch_%28large%29.jpg
  ✗ Viper's Defense
    https://wiki.guildwars.com/images/c/ce/Viper%27s_Defense_%28large%29.jpg
  ✗ Viper's Nest
    https://wiki.guildwars.com/images/c/c5/Viper%27s_Nest_%28large%29.jpg
  ✗ Virulence
    https://wiki.guildwars.com/images/3/31/Virulence_%28large%29.jpg
  ✗ Visions of Regret
    https://wiki.guildwars.com/images/1/1c/Visions_of_Regret_%28large%29.jpg
  ✗ Vital Blessing
    https://wiki.guildwars.com/images/d/df/Vital_Blessing_%28large%29.jpg
  ✗ Vital Boon
    https://wiki.guildwars.com/images/5/50/Vital_Boon_%28large%29.jpg
  ✗ Vital Weapon
    https://wiki.guildwars.com/images/c/c0/Vital_Weapon_%28large%29.jpg
  ✗ Vocal Minority
    https://wiki.guildwars.com/images/d/d9/Vocal_Minority_%28large%29.jpg
  ✗ Vocal Was Sogolon
    https://wiki.guildwars.com/images/5/55/Vocal_Was_Sogolon_%28large%29.jpg
  ✗ Volley
    https://wiki.guildwars.com/images/8/8e/Volley_%28large%29.jpg
  ✗ Vow of Piety
    https://wiki.guildwars.com/images/2/25/Vow_of_Piety_%28large%29.jpg
  ✗ Vow of Silence
    https://wiki.guildwars.com/images/9/9c/Vow_of_Silence_%28large%29.jpg
  ✗ Vow of Strength
    https://wiki.guildwars.com/images/c/c1/Vow_of_Strength_%28large%29.jpg
  ✗ Wail of Doom
    https://wiki.guildwars.com/images/b/bc/Wail_of_Doom_%28large%29.jpg
  ✗ Wailing Weapon
    https://wiki.guildwars.com/images/8/84/Wailing_Weapon_%28large%29.jpg
  ✗ Wallow's Bite
    https://wiki.guildwars.com/images/b/b3/Wallow%27s_Bite_%28large%29.jpg
  ✗ Wandering Eye
    https://wiki.guildwars.com/images/a/a1/Wandering_Eye_%28large%29.jpg
  ✗ Wanderlust
    https://wiki.guildwars.com/images/8/88/Wanderlust_%28large%29.jpg
  ✗ Ward Against Elements
    https://wiki.guildwars.com/images/7/71/Ward_Against_Elements_%28large%29.jpg
  ✗ Ward Against Foes
    https://wiki.guildwars.com/images/b/b8/Ward_Against_Foes_%28large%29.jpg
  ✗ Ward Against Harm
    https://wiki.guildwars.com/images/c/c8/Ward_Against_Harm_%28large%29.jpg
  ✗ Ward Against Melee
    https://wiki.guildwars.com/images/c/cc/Ward_Against_Melee_%28large%29.jpg
  ✗ Ward of Stability
    https://wiki.guildwars.com/images/e/ea/Ward_of_Stability_%28large%29.jpg
  ✗ Ward of Weakness
    https://wiki.guildwars.com/images/0/05/Ward_of_Weakness_%28large%29.jpg
  ✗ Warmonger's Weapon
    https://wiki.guildwars.com/images/2/20/Warmonger%27s_Weapon_%28large%29.jpg
  ✗ Warrior's Cunning
    https://wiki.guildwars.com/images/e/e6/Warrior%27s_Cunning_%28large%29.jpg
  ✗ Warrior's Endurance
    https://wiki.guildwars.com/images/2/29/Warrior%27s_Endurance_%28large%29.jpg
  ✗ Wary Stance
    https://wiki.guildwars.com/images/1/13/Wary_Stance_%28large%29.jpg
  ✗ Waste Not, Want Not
    https://wiki.guildwars.com/images/e/ec/Waste_Not%2C_Want_Not_%28large%29.jpg
  ✗ Wastrel's Collapse
    https://wiki.guildwars.com/images/e/e7/Wastrel%27s_Collapse_%28large%29.jpg
  ✗ Wastrel's Demise
    https://wiki.guildwars.com/images/3/3d/Wastrel%27s_Demise_%28large%29.jpg
  ✗ Wastrel's Worry
    https://wiki.guildwars.com/images/4/4c/Wastrel%27s_Worry_%28large%29.jpg
  ✗ Watchful Healing
    https://wiki.guildwars.com/images/3/3b/Watchful_Healing_%28large%29.jpg
  ✗ Watchful Intervention
    https://wiki.guildwars.com/images/4/4e/Watchful_Intervention_%28large%29.jpg
  ✗ Watchful Spirit
    https://wiki.guildwars.com/images/9/99/Watchful_Spirit_%28large%29.jpg
  ✗ Water Attunement
    https://wiki.guildwars.com/images/3/32/Water_Attunement_%28large%29.jpg
  ✗ Water Trident
    https://wiki.guildwars.com/images/c/c6/Water_Trident_%28large%29.jpg
  ✗ Way of Perfection
    https://wiki.guildwars.com/images/9/99/Way_of_Perfection_%28large%29.jpg
  ✗ Way of the Assassin
    https://wiki.guildwars.com/images/0/02/Way_of_the_Assassin_%28large%29.jpg
  ✗ Way of the Empty Palm
    https://wiki.guildwars.com/images/2/2b/Way_of_the_Empty_Palm_%28large%29.jpg
  ✗ Way of the Fox
    https://wiki.guildwars.com/images/a/a3/Way_of_the_Fox_%28large%29.jpg
  ✗ Way of the Lotus
    https://wiki.guildwars.com/images/6/61/Way_of_the_Lotus_%28large%29.jpg
  ✗ Way of the Master
    https://wiki.guildwars.com/images/e/eb/Way_of_the_Master_%28large%29.jpg
  ✗ Weaken Armor
    https://wiki.guildwars.com/images/5/53/Weaken_Armor_%28large%29.jpg
  ✗ Weaken Knees
    https://wiki.guildwars.com/images/0/0e/Weaken_Knees_%28large%29.jpg
  ✗ Weapon of Aggression
    https://wiki.guildwars.com/images/c/c3/Weapon_of_Aggression_%28large%29.jpg
  ✗ Weapon of Fury
    https://wiki.guildwars.com/images/7/70/Weapon_of_Fury_%28large%29.jpg
  ✗ Weapon of Quickening
    https://wiki.guildwars.com/images/d/d8/Weapon_of_Quickening_%28large%29.jpg
  ✗ Weapon of Remedy
    https://wiki.guildwars.com/images/c/c2/Weapon_of_Remedy_%28large%29.jpg
  ✗ Weapon of Renewal
    https://wiki.guildwars.com/images/e/e0/Weapon_of_Renewal_%28large%29.jpg
  ✗ Weapon of Shadow
    https://wiki.guildwars.com/images/0/00/Weapon_of_Shadow_%28large%29.jpg
  ✗ Weapon of Warding
    https://wiki.guildwars.com/images/5/58/Weapon_of_Warding_%28large%29.jpg
  ✗ Wearying Spear
    https://wiki.guildwars.com/images/8/85/Wearying_Spear_%28large%29.jpg
  ✗ Wearying Strike
    https://wiki.guildwars.com/images/0/01/Wearying_Strike_%28large%29.jpg
  ✗ Web of Disruption
    https://wiki.guildwars.com/images/1/11/Web_of_Disruption_%28large%29.jpg
  ✗ Well of Blood
    https://wiki.guildwars.com/images/e/e8/Well_of_Blood_%28large%29.jpg
  ✗ Well of Darkness
    https://wiki.guildwars.com/images/4/4b/Well_of_Darkness_%28large%29.jpg
  ✗ Well of Power
    https://wiki.guildwars.com/images/a/a7/Well_of_Power_%28large%29.jpg
  ✗ Well of Ruin
    https://wiki.guildwars.com/images/9/93/Well_of_Ruin_%28large%29.jpg
  ✗ Well of Silence
    https://wiki.guildwars.com/images/e/e3/Well_of_Silence_%28large%29.jpg
  ✗ Well of Suffering
    https://wiki.guildwars.com/images/7/7b/Well_of_Suffering_%28large%29.jpg
  ✗ Well of Weariness
    https://wiki.guildwars.com/images/8/8c/Well_of_Weariness_%28large%29.jpg
  ✗ Well of the Profane
    https://wiki.guildwars.com/images/e/e9/Well_of_the_Profane_%28large%29.jpg
  ✗ Whirling Axe
    https://wiki.guildwars.com/images/3/3f/Whirling_Axe_%28large%29.jpg
  ✗ Whirling Charge
    https://wiki.guildwars.com/images/6/67/Whirling_Charge_%28large%29.jpg
  ✗ Whirling Defense
    https://wiki.guildwars.com/images/d/d4/Whirling_Defense_%28large%29.jpg
  ✗ Whirlwind
    https://wiki.guildwars.com/images/1/1e/Whirlwind_%28large%29.jpg
  ✗ Wielder's Boon
    https://wiki.guildwars.com/images/3/3b/Wielder%27s_Boon_%28large%29.jpg
  ✗ Wielder's Remedy
    https://wiki.guildwars.com/images/8/8a/Wielder%27s_Remedy_%28large%29.jpg
  ✗ Wielder's Strike
    https://wiki.guildwars.com/images/b/b9/Wielder%27s_Strike_%28large%29.jpg
  ✗ Wielder's Zeal
    https://wiki.guildwars.com/images/1/1b/Wielder%27s_Zeal_%28large%29.jpg
  ✗ Wild Blow
    https://wiki.guildwars.com/images/d/df/Wild_Blow_%28large%29.jpg
  ✗ Wild Strike
    https://wiki.guildwars.com/images/5/5a/Wild_Strike_%28large%29.jpg
  ✗ Wild Throw
    https://wiki.guildwars.com/images/1/1f/Wild_Throw_%28large%29.jpg
  ✗ Windborne Speed
    https://wiki.guildwars.com/images/8/87/Windborne_Speed_%28large%29.jpg
  ✗ Winds of Disenchantment
    https://wiki.guildwars.com/images/3/3d/Winds_of_Disenchantment_%28large%29.jpg
  ✗ Winnowing
    https://wiki.guildwars.com/images/5/5a/Winnowing_%28large%29.jpg
  ✗ Winter
    https://wiki.guildwars.com/images/e/e1/Winter_%28large%29.jpg
  ✗ Winter's Embrace
    https://wiki.guildwars.com/images/9/9d/Winter%27s_Embrace_%28large%29.jpg
  ✗ Withdraw Hexes
    https://wiki.guildwars.com/images/f/f1/Withdraw_Hexes_%28large%29.jpg
  ✗ Wither
    https://wiki.guildwars.com/images/9/97/Wither_%28large%29.jpg
  ✗ Withering Aura
    https://wiki.guildwars.com/images/0/08/Withering_Aura_%28large%29.jpg
  ✗ Word of Censure
    https://wiki.guildwars.com/images/7/76/Word_of_Censure_%28large%29.jpg
  ✗ Word of Healing
    https://wiki.guildwars.com/images/0/07/Word_of_Healing_%28large%29.jpg
  ✗ Words of Comfort
    https://wiki.guildwars.com/images/a/ab/Words_of_Comfort_%28large%29.jpg
  ✗ Wounding Strike
    https://wiki.guildwars.com/images/1/1b/Wounding_Strike_%28large%29.jpg
  ✗ Xinrae's Weapon
    https://wiki.guildwars.com/images/5/51/Xinrae%27s_Weapon_%28large%29.jpg
  ✗ Yeti Smash
    https://wiki.guildwars.com/images/7/73/Yeti_Smash_%28large%29.jpg
  ✗ Zealot's Fire
    https://wiki.guildwars.com/images/4/4f/Zealot%27s_Fire_%28large%29.jpg
  ✗ Zealous Anthem
    https://wiki.guildwars.com/images/6/6e/Zealous_Anthem_%28large%29.jpg
  ✗ Zealous Benediction
    https://wiki.guildwars.com/images/8/81/Zealous_Benediction_%28large%29.jpg
  ✗ Zealous Renewal
    https://wiki.guildwars.com/images/a/a0/Zealous_Renewal_%28large%29.jpg
  ✗ Zealous Sweep
    https://wiki.guildwars.com/images/d/db/Zealous_Sweep_%28large%29.jpg
  ✗ Zealous Vow
    https://wiki.guildwars.com/images/0/0c/Zealous_Vow_%28large%29.jpg
  ✗ Zojun's Haste
    https://wiki.guildwars.com/images/b/bd/Zojun%27s_Haste_%28large%29.jpg
  ✗ Zojun's Shot
    https://wiki.guildwars.com/images/a/a4/Zojun%27s_Shot_%28large%29.jpg
